country,tenkm
Scotland,HP30
Scotland,HP40
Scotland,HP50
Scotland,HP51
Scotland,HP52
Scotland,HP60
Scotland,HP61
Scotland,HP62
Scotland,HP71
Scotland,HT93
Scotland,HT94
Scotland,HU03
Scotland,HU04
Scotland,HU06
Scotland,HU14
Scotland,HU15
Scotland,HU16
Scotland,HU17
Scotland,HU18
Scotland,HU23
Scotland,HU24
Scotland,HU25
Scotland,HU26
Scotland,HU27
Scotland,HU28
Scotland,HU29
Scotland,HU30
Scotland,HU31
Scotland,HU32
Scotland,HU33
Scotland,HU34
Scotland,HU35
Scotland,HU36
Scotland,HU37
Scotland,HU38
Scotland,HU39
Scotland,HU40
Scotland,HU41
Scotland,HU42
Scotland,HU43
Scotland,HU44
Scotland,HU45
Scotland,HU46
Scotland,HU47
Scotland,HU48
Scotland,HU49
Scotland,HU52
Scotland,HU53
Scotland,HU54
Scotland,HU55
Scotland,HU56
Scotland,HU57
Scotland,HU58
Scotland,HU59
Scotland,HU65
Scotland,HU66
Scotland,HU67
Scotland,HU68
Scotland,HU69
Scotland,HU76
Scotland,HU77
Scotland,HU78
Scotland,HU79
Scotland,HW52
Scotland,HW53
Scotland,HW62
Scotland,HW63
Scotland,HW72
Scotland,HW73
Scotland,HW82
Scotland,HW83
Scotland,HX51
Scotland,HX52
Scotland,HX62
Scotland,HY10
Scotland,HY11
Scotland,HY12
Scotland,HY20
Scotland,HY21
Scotland,HY22
Scotland,HY23
Scotland,HY30
Scotland,HY31
Scotland,HY32
Scotland,HY33
Scotland,HY34
Scotland,HY35
Scotland,HY40
Scotland,HY41
Scotland,HY42
Scotland,HY43
Scotland,HY44
Scotland,HY45
Scotland,HY50
Scotland,HY51
Scotland,HY52
Scotland,HY53
Scotland,HY54
Scotland,HY55
Scotland,HY60
Scotland,HY61
Scotland,HY62
Scotland,HY63
Scotland,HY64
Scotland,HY65
Scotland,HY71
Scotland,HY72
Scotland,HY73
Scotland,HY74
Scotland,HY75
Scotland,HY83
Scotland,HY84
Scotland,HY85
Scotland,HZ16
Scotland,HZ17
Scotland,HZ26
Scotland,HZ27
Republic of Ireland,IB60
Republic of Ireland,IB61
Republic of Ireland,IB62
Republic of Ireland,IB70
Republic of Ireland,IB71
Republic of Ireland,IB72
Republic of Ireland,IB73
Republic of Ireland,IB74
Republic of Ireland,IB80
Republic of Ireland,IB81
Republic of Ireland,IB82
Republic of Ireland,IB83
Republic of Ireland,IB84
Republic of Ireland,IB85
Republic of Ireland,IB90
Republic of Ireland,IB91
Republic of Ireland,IB92
Republic of Ireland,IB93
Republic of Ireland,IB94
Republic of Ireland,IC00
Republic of Ireland,IC01
Republic of Ireland,IC02
Republic of Ireland,IC03
Republic of Ireland,IC04
Republic of Ireland,IC10
Republic of Ireland,IC11
Republic of Ireland,IC12
Republic of Ireland,IC13
Republic of Ireland,IC14
Republic of Ireland,IC15
Republic of Ireland,IC20
Republic of Ireland,IC21
Republic of Ireland,IC22
Republic of Ireland,IC23
Republic of Ireland,IC24
Republic of Ireland,IC25
Republic of Ireland,IC30
Republic of Ireland,IC31
Republic of Ireland,IC32
Republic of Ireland,IC33
Republic of Ireland,IC34
Republic of Ireland,IC35
Republic of Ireland,IC36
Northern Ireland,IC40
Northern Ireland,IC41
Republic of Ireland,IC42
Republic of Ireland,IC43
Republic of Ireland,IC44
Republic of Ireland,IC45
Republic of Ireland,IC46
Northern Ireland,IC50
Northern Ireland,IC51
Northern Ireland,IC52
Republic of Ireland,IC53
Republic of Ireland,IC54
Republic of Ireland,IC55
Republic of Ireland,IC56
Northern Ireland,IC60
Northern Ireland,IC61
Northern Ireland,IC62
Northern Ireland,IC63
Republic of Ireland,IC64
Republic of Ireland,IC65
Northern Ireland,IC70
Northern Ireland,IC71
Northern Ireland,IC72
Northern Ireland,IC73
Republic of Ireland,IC74
Northern Ireland,IC80
Northern Ireland,IC81
Northern Ireland,IC82
Northern Ireland,IC83
Northern Ireland,IC84
Northern Ireland,IC90
Northern Ireland,IC91
Northern Ireland,IC92
Northern Ireland,IC93
Northern Ireland,IC94
Northern Ireland,ID00
Northern Ireland,ID01
Northern Ireland,ID02
Northern Ireland,ID03
Northern Ireland,ID04
Northern Ireland,ID05
Northern Ireland,ID10
Northern Ireland,ID11
Northern Ireland,ID12
Northern Ireland,ID13
Northern Ireland,ID14
Northern Ireland,ID15
Northern Ireland,ID20
Northern Ireland,ID21
Northern Ireland,ID22
Northern Ireland,ID23
Northern Ireland,ID24
Northern Ireland,ID30
Northern Ireland,ID31
Northern Ireland,ID32
Northern Ireland,ID40
Northern Ireland,ID41
Northern Ireland,ID42
Northern Ireland,ID50
Republic of Ireland,IF41
Republic of Ireland,IF50
Republic of Ireland,IF51
Republic of Ireland,IF52
Republic of Ireland,IF53
Republic of Ireland,IF60
Republic of Ireland,IF61
Republic of Ireland,IF62
Republic of Ireland,IF63
Republic of Ireland,IF64
Republic of Ireland,IF70
Republic of Ireland,IF71
Republic of Ireland,IF72
Republic of Ireland,IF73
Republic of Ireland,IF74
Republic of Ireland,IF80
Republic of Ireland,IF81
Republic of Ireland,IF82
Republic of Ireland,IF83
Republic of Ireland,IF84
Republic of Ireland,IF85
Republic of Ireland,IF90
Republic of Ireland,IF91
Republic of Ireland,IF92
Republic of Ireland,IF93
Republic of Ireland,IF94
Republic of Ireland,IG00
Republic of Ireland,IG01
Republic of Ireland,IG02
Republic of Ireland,IG03
Republic of Ireland,IG04
Republic of Ireland,IG10
Republic of Ireland,IG11
Republic of Ireland,IG12
Republic of Ireland,IG13
Republic of Ireland,IG14
Republic of Ireland,IG20
Republic of Ireland,IG21
Republic of Ireland,IG22
Republic of Ireland,IG23
Republic of Ireland,IG24
Republic of Ireland,IG30
Republic of Ireland,IG31
Republic of Ireland,IG32
Republic of Ireland,IG33
Republic of Ireland,IG34
Republic of Ireland,IG40
Republic of Ireland,IG41
Republic of Ireland,IG42
Republic of Ireland,IG43
Republic of Ireland,IG44
Republic of Ireland,IG47
Republic of Ireland,IG48
Republic of Ireland,IG49
Republic of Ireland,IG50
Republic of Ireland,IG51
Republic of Ireland,IG52
Republic of Ireland,IG53
Republic of Ireland,IG54
Republic of Ireland,IG55
Republic of Ireland,IG57
Republic of Ireland,IG58
Republic of Ireland,IG59
Republic of Ireland,IG60
Republic of Ireland,IG61
Republic of Ireland,IG62
Republic of Ireland,IG63
Republic of Ireland,IG64
Republic of Ireland,IG65
Republic of Ireland,IG66
Republic of Ireland,IG67
Republic of Ireland,IG68
Republic of Ireland,IG69
Republic of Ireland,IG70
Republic of Ireland,IG71
Republic of Ireland,IG72
Republic of Ireland,IG73
Republic of Ireland,IG74
Republic of Ireland,IG75
Republic of Ireland,IG76
Republic of Ireland,IG77
Republic of Ireland,IG78
Republic of Ireland,IG79
Republic of Ireland,IG80
Republic of Ireland,IG81
Republic of Ireland,IG82
Republic of Ireland,IG83
Republic of Ireland,IG84
Republic of Ireland,IG85
Republic of Ireland,IG86
Republic of Ireland,IG87
Republic of Ireland,IG88
Republic of Ireland,IG89
Republic of Ireland,IG90
Republic of Ireland,IG91
Republic of Ireland,IG92
Republic of Ireland,IG93
Republic of Ireland,IG94
Northern Ireland,IG95
Republic of Ireland,IG96
Republic of Ireland,IG97
Republic of Ireland,IG98
Republic of Ireland,IG99
Republic of Ireland,IH00
Republic of Ireland,IH01
Republic of Ireland,IH02
Republic of Ireland,IH03
Northern Ireland,IH04
Northern Ireland,IH05
Northern Ireland,IH06
Republic of Ireland,IH07
Republic of Ireland,IH08
Republic of Ireland,IH09
Republic of Ireland,IH10
Republic of Ireland,IH11
Republic of Ireland,IH12
Northern Ireland,IH13
Northern Ireland,IH14
Northern Ireland,IH15
Northern Ireland,IH16
Northern Ireland,IH17
Northern Ireland,IH18
Republic of Ireland,IH19
Republic of Ireland,IH20
Republic of Ireland,IH21
Northern Ireland,IH22
Northern Ireland,IH23
Northern Ireland,IH24
Northern Ireland,IH25
Northern Ireland,IH26
Northern Ireland,IH27
Northern Ireland,IH28
Republic of Ireland,IH29
Republic of Ireland,IH30
Republic of Ireland,IH31
Northern Ireland,IH32
Northern Ireland,IH33
Northern Ireland,IH34
Northern Ireland,IH35
Northern Ireland,IH36
Northern Ireland,IH37
Northern Ireland,IH38
Northern Ireland,IH39
Republic of Ireland,IH40
Republic of Ireland,IH41
Northern Ireland,IH42
Northern Ireland,IH43
Northern Ireland,IH44
Northern Ireland,IH45
Northern Ireland,IH46
Northern Ireland,IH47
Northern Ireland,IH48
Northern Ireland,IH49
Republic of Ireland,IH50
Republic of Ireland,IH51
Republic of Ireland,IH52
Republic of Ireland,IH53
Northern Ireland,IH54
Northern Ireland,IH55
Northern Ireland,IH56
Northern Ireland,IH57
Northern Ireland,IH58
Northern Ireland,IH59
Republic of Ireland,IH60
Republic of Ireland,IH61
Republic of Ireland,IH62
Republic of Ireland,IH63
Republic of Ireland,IH64
Northern Ireland,IH65
Northern Ireland,IH66
Northern Ireland,IH67
Northern Ireland,IH68
Northern Ireland,IH69
Republic of Ireland,IH70
Republic of Ireland,IH71
Republic of Ireland,IH72
Republic of Ireland,IH73
Northern Ireland,IH74
Northern Ireland,IH75
Northern Ireland,IH76
Northern Ireland,IH77
Northern Ireland,IH78
Northern Ireland,IH79
Republic of Ireland,IH80
Republic of Ireland,IH81
Republic of Ireland,IH82
Northern Ireland,IH83
Northern Ireland,IH84
Northern Ireland,IH85
Northern Ireland,IH86
Northern Ireland,IH87
Northern Ireland,IH88
Northern Ireland,IH89
Republic of Ireland,IH90
Northern Ireland,IH91
Northern Ireland,IH92
Northern Ireland,IH93
Northern Ireland,IH94
Northern Ireland,IH95
Northern Ireland,IH96
Northern Ireland,IH97
Northern Ireland,IH98
Northern Ireland,IH99
Republic of Ireland,IJ00
Republic of Ireland,IJ01
Northern Ireland,IJ02
Northern Ireland,IJ03
Northern Ireland,IJ04
Northern Ireland,IJ05
Northern Ireland,IJ06
Northern Ireland,IJ07
Northern Ireland,IJ08
Northern Ireland,IJ09
Republic of Ireland,IJ10
Republic of Ireland,IJ11
Northern Ireland,IJ12
Northern Ireland,IJ13
Northern Ireland,IJ14
Northern Ireland,IJ15
Northern Ireland,IJ16
Northern Ireland,IJ17
Northern Ireland,IJ18
Northern Ireland,IJ19
Republic of Ireland,IJ20
Northern Ireland,IJ21
Northern Ireland,IJ22
Northern Ireland,IJ23
Northern Ireland,IJ24
Northern Ireland,IJ25
Northern Ireland,IJ26
Northern Ireland,IJ27
Northern Ireland,IJ28
Northern Ireland,IJ29
Northern Ireland,IJ30
Northern Ireland,IJ31
Northern Ireland,IJ32
Northern Ireland,IJ33
Northern Ireland,IJ34
Northern Ireland,IJ35
Northern Ireland,IJ36
Northern Ireland,IJ37
Northern Ireland,IJ38
Northern Ireland,IJ39
Northern Ireland,IJ41
Northern Ireland,IJ42
Northern Ireland,IJ43
Northern Ireland,IJ44
Northern Ireland,IJ45
Northern Ireland,IJ46
Northern Ireland,IJ47
Northern Ireland,IJ48
Northern Ireland,IJ49
Northern Ireland,IJ53
Northern Ireland,IJ54
Northern Ireland,IJ55
Northern Ireland,IJ56
Northern Ireland,IJ57
Northern Ireland,IJ58
Northern Ireland,IJ59
Northern Ireland,IJ63
Northern Ireland,IJ64
Northern Ireland,IJ65
Northern Ireland,IJ66
Northern Ireland,IJ67
Northern Ireland,IJ68
Northern Ireland,IJ76
Republic of Ireland,IL43
Republic of Ireland,IL44
Republic of Ireland,IL45
Republic of Ireland,IL46
Republic of Ireland,IL53
Republic of Ireland,IL54
Republic of Ireland,IL55
Republic of Ireland,IL56
Republic of Ireland,IL57
Republic of Ireland,IL62
Republic of Ireland,IL63
Republic of Ireland,IL64
Republic of Ireland,IL65
Republic of Ireland,IL66
Republic of Ireland,IL67
Republic of Ireland,IL68
Republic of Ireland,IL69
Republic of Ireland,IL70
Republic of Ireland,IL71
Republic of Ireland,IL72
Republic of Ireland,IL73
Republic of Ireland,IL74
Republic of Ireland,IL75
Republic of Ireland,IL76
Republic of Ireland,IL77
Republic of Ireland,IL78
Republic of Ireland,IL79
Republic of Ireland,IL80
Republic of Ireland,IL81
Republic of Ireland,IL82
Republic of Ireland,IL83
Republic of Ireland,IL84
Republic of Ireland,IL85
Republic of Ireland,IL86
Republic of Ireland,IL87
Republic of Ireland,IL88
Republic of Ireland,IL89
Republic of Ireland,IL90
Republic of Ireland,IL91
Republic of Ireland,IL92
Republic of Ireland,IL93
Republic of Ireland,IL94
Republic of Ireland,IL95
Republic of Ireland,IL96
Republic of Ireland,IL97
Republic of Ireland,IL98
Republic of Ireland,IL99
Republic of Ireland,IM00
Republic of Ireland,IM01
Republic of Ireland,IM02
Republic of Ireland,IM03
Republic of Ireland,IM04
Republic of Ireland,IM05
Republic of Ireland,IM06
Republic of Ireland,IM07
Republic of Ireland,IM08
Republic of Ireland,IM09
Republic of Ireland,IM10
Republic of Ireland,IM11
Republic of Ireland,IM12
Republic of Ireland,IM13
Republic of Ireland,IM14
Republic of Ireland,IM15
Republic of Ireland,IM16
Republic of Ireland,IM17
Republic of Ireland,IM18
Republic of Ireland,IM19
Republic of Ireland,IM20
Republic of Ireland,IM21
Republic of Ireland,IM22
Republic of Ireland,IM23
Republic of Ireland,IM24
Republic of Ireland,IM25
Republic of Ireland,IM26
Republic of Ireland,IM27
Republic of Ireland,IM28
Republic of Ireland,IM29
Republic of Ireland,IM30
Republic of Ireland,IM31
Republic of Ireland,IM32
Republic of Ireland,IM33
Republic of Ireland,IM34
Republic of Ireland,IM35
Republic of Ireland,IM36
Republic of Ireland,IM37
Republic of Ireland,IM38
Republic of Ireland,IM39
Republic of Ireland,IM40
Republic of Ireland,IM41
Republic of Ireland,IM42
Republic of Ireland,IM43
Republic of Ireland,IM44
Republic of Ireland,IM45
Republic of Ireland,IM46
Republic of Ireland,IM47
Republic of Ireland,IM48
Republic of Ireland,IM49
Republic of Ireland,IM50
Republic of Ireland,IM51
Republic of Ireland,IM52
Republic of Ireland,IM53
Republic of Ireland,IM54
Republic of Ireland,IM55
Republic of Ireland,IM56
Republic of Ireland,IM57
Republic of Ireland,IM58
Republic of Ireland,IM59
Republic of Ireland,IM60
Republic of Ireland,IM61
Republic of Ireland,IM62
Republic of Ireland,IM63
Republic of Ireland,IM64
Republic of Ireland,IM65
Republic of Ireland,IM66
Republic of Ireland,IM67
Republic of Ireland,IM68
Republic of Ireland,IM69
Republic of Ireland,IM70
Republic of Ireland,IM71
Republic of Ireland,IM72
Republic of Ireland,IM73
Republic of Ireland,IM74
Republic of Ireland,IM75
Republic of Ireland,IM76
Republic of Ireland,IM77
Republic of Ireland,IM78
Republic of Ireland,IM79
Republic of Ireland,IM80
Republic of Ireland,IM81
Republic of Ireland,IM82
Republic of Ireland,IM83
Republic of Ireland,IM84
Republic of Ireland,IM85
Republic of Ireland,IM86
Republic of Ireland,IM87
Republic of Ireland,IM88
Republic of Ireland,IM89
Republic of Ireland,IM90
Republic of Ireland,IM91
Republic of Ireland,IM92
Republic of Ireland,IM93
Republic of Ireland,IM94
Republic of Ireland,IM95
Republic of Ireland,IM96
Republic of Ireland,IM97
Republic of Ireland,IM98
Republic of Ireland,IM99
Republic of Ireland,IN00
Republic of Ireland,IN01
Republic of Ireland,IN02
Republic of Ireland,IN03
Republic of Ireland,IN04
Republic of Ireland,IN05
Republic of Ireland,IN06
Republic of Ireland,IN07
Republic of Ireland,IN08
Republic of Ireland,IN09
Republic of Ireland,IN10
Republic of Ireland,IN11
Republic of Ireland,IN12
Republic of Ireland,IN13
Republic of Ireland,IN14
Republic of Ireland,IN15
Republic of Ireland,IN16
Republic of Ireland,IN17
Republic of Ireland,IN18
Republic of Ireland,IN19
Republic of Ireland,IN20
Republic of Ireland,IN21
Republic of Ireland,IN22
Republic of Ireland,IN23
Republic of Ireland,IN24
Republic of Ireland,IN25
Republic of Ireland,IN26
Republic of Ireland,IN27
Republic of Ireland,IN28
Republic of Ireland,IN29
Republic of Ireland,IN30
Republic of Ireland,IN31
Republic of Ireland,IN32
Republic of Ireland,IN33
Republic of Ireland,IN34
Republic of Ireland,IN35
Republic of Ireland,IN36
Republic of Ireland,IN37
Republic of Ireland,IN38
Republic of Ireland,IN39
Republic of Ireland,IN40
Republic of Ireland,IN41
Republic of Ireland,IN42
Republic of Ireland,IN43
Republic of Ireland,IN44
Republic of Ireland,IN45
Republic of Ireland,IN46
Republic of Ireland,IN47
Republic of Ireland,IN48
Republic of Ireland,IN49
Republic of Ireland,IN50
Republic of Ireland,IN51
Republic of Ireland,IN52
Republic of Ireland,IN53
Republic of Ireland,IN54
Republic of Ireland,IN55
Republic of Ireland,IN56
Republic of Ireland,IN57
Republic of Ireland,IN58
Republic of Ireland,IN59
Republic of Ireland,IN60
Republic of Ireland,IN61
Republic of Ireland,IN62
Republic of Ireland,IN63
Republic of Ireland,IN64
Republic of Ireland,IN65
Republic of Ireland,IN66
Republic of Ireland,IN67
Republic of Ireland,IN68
Republic of Ireland,IN69
Republic of Ireland,IN70
Republic of Ireland,IN71
Republic of Ireland,IN72
Republic of Ireland,IN73
Republic of Ireland,IN74
Republic of Ireland,IN75
Republic of Ireland,IN76
Republic of Ireland,IN77
Republic of Ireland,IN78
Republic of Ireland,IN79
Republic of Ireland,IN80
Republic of Ireland,IN81
Republic of Ireland,IN82
Republic of Ireland,IN83
Republic of Ireland,IN84
Republic of Ireland,IN85
Republic of Ireland,IN86
Republic of Ireland,IN87
Republic of Ireland,IN88
Republic of Ireland,IN89
Republic of Ireland,IN90
Republic of Ireland,IN91
Republic of Ireland,IN92
Republic of Ireland,IN93
Republic of Ireland,IN94
Republic of Ireland,IN95
Republic of Ireland,IN96
Republic of Ireland,IN97
Republic of Ireland,IN98
Republic of Ireland,IN99
Republic of Ireland,IO00
Republic of Ireland,IO01
Republic of Ireland,IO02
Republic of Ireland,IO03
Republic of Ireland,IO04
Republic of Ireland,IO05
Republic of Ireland,IO06
Republic of Ireland,IO07
Republic of Ireland,IO08
Republic of Ireland,IO09
Republic of Ireland,IO10
Republic of Ireland,IO11
Republic of Ireland,IO12
Republic of Ireland,IO13
Republic of Ireland,IO14
Republic of Ireland,IO15
Republic of Ireland,IO16
Republic of Ireland,IO17
Republic of Ireland,IO18
Republic of Ireland,IO19
Republic of Ireland,IO20
Republic of Ireland,IO21
Republic of Ireland,IO22
Republic of Ireland,IO23
Republic of Ireland,IO24
Republic of Ireland,IO25
Republic of Ireland,IO26
Republic of Ireland,IO27
Republic of Ireland,IO28
Republic of Ireland,IO30
Republic of Ireland,IO31
Republic of Ireland,IO32
Republic of Ireland,IO33
Republic of Ireland,IO34
Republic of Ireland,IO35
Republic of Ireland,IO36
Republic of Ireland,IQ10
Republic of Ireland,IQ20
Republic of Ireland,IQ30
Republic of Ireland,IQ31
Republic of Ireland,IQ40
Republic of Ireland,IQ41
Republic of Ireland,IQ42
Republic of Ireland,IQ50
Republic of Ireland,IQ51
Republic of Ireland,IQ52
Republic of Ireland,IQ60
Republic of Ireland,IQ61
Republic of Ireland,IQ62
Republic of Ireland,IQ63
Republic of Ireland,IQ64
Republic of Ireland,IQ65
Republic of Ireland,IQ70
Republic of Ireland,IQ71
Republic of Ireland,IQ72
Republic of Ireland,IQ73
Republic of Ireland,IQ74
Republic of Ireland,IQ75
Republic of Ireland,IQ80
Republic of Ireland,IQ81
Republic of Ireland,IQ82
Republic of Ireland,IQ83
Republic of Ireland,IQ84
Republic of Ireland,IQ85
Republic of Ireland,IQ86
Republic of Ireland,IQ90
Republic of Ireland,IQ91
Republic of Ireland,IQ92
Republic of Ireland,IQ93
Republic of Ireland,IQ94
Republic of Ireland,IQ95
Republic of Ireland,IQ96
Republic of Ireland,IQ97
Republic of Ireland,IQ98
Republic of Ireland,IQ99
Republic of Ireland,IR00
Republic of Ireland,IR01
Republic of Ireland,IR02
Republic of Ireland,IR03
Republic of Ireland,IR04
Republic of Ireland,IR05
Republic of Ireland,IR06
Republic of Ireland,IR07
Republic of Ireland,IR08
Republic of Ireland,IR09
Republic of Ireland,IR10
Republic of Ireland,IR11
Republic of Ireland,IR12
Republic of Ireland,IR13
Republic of Ireland,IR14
Republic of Ireland,IR15
Republic of Ireland,IR16
Republic of Ireland,IR17
Republic of Ireland,IR18
Republic of Ireland,IR19
Republic of Ireland,IR20
Republic of Ireland,IR21
Republic of Ireland,IR22
Republic of Ireland,IR23
Republic of Ireland,IR24
Republic of Ireland,IR25
Republic of Ireland,IR26
Republic of Ireland,IR27
Republic of Ireland,IR28
Republic of Ireland,IR29
Republic of Ireland,IR30
Republic of Ireland,IR31
Republic of Ireland,IR32
Republic of Ireland,IR33
Republic of Ireland,IR34
Republic of Ireland,IR35
Republic of Ireland,IR36
Republic of Ireland,IR37
Republic of Ireland,IR38
Republic of Ireland,IR39
Republic of Ireland,IR40
Republic of Ireland,IR41
Republic of Ireland,IR42
Republic of Ireland,IR43
Republic of Ireland,IR44
Republic of Ireland,IR45
Republic of Ireland,IR46
Republic of Ireland,IR47
Republic of Ireland,IR48
Republic of Ireland,IR49
Republic of Ireland,IR50
Republic of Ireland,IR51
Republic of Ireland,IR52
Republic of Ireland,IR53
Republic of Ireland,IR54
Republic of Ireland,IR55
Republic of Ireland,IR56
Republic of Ireland,IR57
Republic of Ireland,IR58
Republic of Ireland,IR59
Republic of Ireland,IR60
Republic of Ireland,IR61
Republic of Ireland,IR62
Republic of Ireland,IR63
Republic of Ireland,IR64
Republic of Ireland,IR65
Republic of Ireland,IR66
Republic of Ireland,IR67
Republic of Ireland,IR68
Republic of Ireland,IR69
Republic of Ireland,IR70
Republic of Ireland,IR71
Republic of Ireland,IR72
Republic of Ireland,IR73
Republic of Ireland,IR74
Republic of Ireland,IR75
Republic of Ireland,IR76
Republic of Ireland,IR77
Republic of Ireland,IR78
Republic of Ireland,IR79
Republic of Ireland,IR80
Republic of Ireland,IR81
Republic of Ireland,IR82
Republic of Ireland,IR83
Republic of Ireland,IR84
Republic of Ireland,IR85
Republic of Ireland,IR86
Republic of Ireland,IR87
Republic of Ireland,IR88
Republic of Ireland,IR89
Republic of Ireland,IR90
Republic of Ireland,IR91
Republic of Ireland,IR92
Republic of Ireland,IR93
Republic of Ireland,IR94
Republic of Ireland,IR95
Republic of Ireland,IR96
Republic of Ireland,IR97
Republic of Ireland,IR98
Republic of Ireland,IR99
Republic of Ireland,IS00
Republic of Ireland,IS01
Republic of Ireland,IS02
Republic of Ireland,IS03
Republic of Ireland,IS04
Republic of Ireland,IS05
Republic of Ireland,IS06
Republic of Ireland,IS07
Republic of Ireland,IS08
Republic of Ireland,IS09
Republic of Ireland,IS10
Republic of Ireland,IS11
Republic of Ireland,IS12
Republic of Ireland,IS13
Republic of Ireland,IS14
Republic of Ireland,IS15
Republic of Ireland,IS16
Republic of Ireland,IS17
Republic of Ireland,IS18
Republic of Ireland,IS19
Republic of Ireland,IS20
Republic of Ireland,IS21
Republic of Ireland,IS22
Republic of Ireland,IS23
Republic of Ireland,IS24
Republic of Ireland,IS25
Republic of Ireland,IS26
Republic of Ireland,IS27
Republic of Ireland,IS28
Republic of Ireland,IS29
Republic of Ireland,IS30
Republic of Ireland,IS31
Republic of Ireland,IS32
Republic of Ireland,IS33
Republic of Ireland,IS34
Republic of Ireland,IS35
Republic of Ireland,IS36
Republic of Ireland,IS37
Republic of Ireland,IS38
Republic of Ireland,IS39
Republic of Ireland,IS40
Republic of Ireland,IS41
Republic of Ireland,IS42
Republic of Ireland,IS43
Republic of Ireland,IS44
Republic of Ireland,IS45
Republic of Ireland,IS46
Republic of Ireland,IS47
Republic of Ireland,IS48
Republic of Ireland,IS49
Republic of Ireland,IS50
Republic of Ireland,IS51
Republic of Ireland,IS52
Republic of Ireland,IS53
Republic of Ireland,IS54
Republic of Ireland,IS55
Republic of Ireland,IS56
Republic of Ireland,IS57
Republic of Ireland,IS58
Republic of Ireland,IS59
Republic of Ireland,IS60
Republic of Ireland,IS61
Republic of Ireland,IS62
Republic of Ireland,IS63
Republic of Ireland,IS64
Republic of Ireland,IS65
Republic of Ireland,IS66
Republic of Ireland,IS67
Republic of Ireland,IS68
Republic of Ireland,IS69
Republic of Ireland,IS70
Republic of Ireland,IS71
Republic of Ireland,IS72
Republic of Ireland,IS73
Republic of Ireland,IS74
Republic of Ireland,IS75
Republic of Ireland,IS76
Republic of Ireland,IS77
Republic of Ireland,IS78
Republic of Ireland,IS79
Republic of Ireland,IS80
Republic of Ireland,IS81
Republic of Ireland,IS82
Republic of Ireland,IS83
Republic of Ireland,IS84
Republic of Ireland,IS85
Republic of Ireland,IS86
Republic of Ireland,IS87
Republic of Ireland,IS88
Republic of Ireland,IS89
Republic of Ireland,IS90
Republic of Ireland,IS91
Republic of Ireland,IS92
Republic of Ireland,IS93
Republic of Ireland,IS94
Republic of Ireland,IS95
Republic of Ireland,IS96
Republic of Ireland,IS97
Republic of Ireland,IS98
Republic of Ireland,IS99
Republic of Ireland,IT00
Republic of Ireland,IT01
Republic of Ireland,IT02
Republic of Ireland,IT03
Republic of Ireland,IT04
Republic of Ireland,IT05
Republic of Ireland,IT06
Republic of Ireland,IT07
Republic of Ireland,IT08
Republic of Ireland,IT09
Republic of Ireland,IT10
Republic of Ireland,IT11
Republic of Ireland,IT12
Republic of Ireland,IT13
Republic of Ireland,IT14
Republic of Ireland,IT15
Republic of Ireland,IT16
Republic of Ireland,IT17
Republic of Ireland,IT18
Republic of Ireland,IT19
Republic of Ireland,IT23
Republic of Ireland,IT24
Republic of Ireland,IT25
Republic of Ireland,IT26
Republic of Ireland,IT27
Republic of Ireland,IT28
Republic of Ireland,IT29
Republic of Ireland,IT37
Republic of Ireland,IT38
Republic of Ireland,IT39
Republic of Ireland,IV18
Republic of Ireland,IV19
Republic of Ireland,IV25
Republic of Ireland,IV26
Republic of Ireland,IV27
Republic of Ireland,IV28
Republic of Ireland,IV29
Republic of Ireland,IV33
Republic of Ireland,IV34
Republic of Ireland,IV35
Republic of Ireland,IV36
Republic of Ireland,IV37
Republic of Ireland,IV38
Republic of Ireland,IV39
Republic of Ireland,IV43
Republic of Ireland,IV44
Republic of Ireland,IV45
Republic of Ireland,IV46
Republic of Ireland,IV47
Republic of Ireland,IV48
Republic of Ireland,IV49
Republic of Ireland,IV53
Republic of Ireland,IV54
Republic of Ireland,IV55
Republic of Ireland,IV56
Republic of Ireland,IV57
Republic of Ireland,IV58
Republic of Ireland,IV59
Republic of Ireland,IV62
Republic of Ireland,IV63
Republic of Ireland,IV64
Republic of Ireland,IV65
Republic of Ireland,IV66
Republic of Ireland,IV67
Republic of Ireland,IV68
Republic of Ireland,IV69
Republic of Ireland,IV71
Republic of Ireland,IV72
Republic of Ireland,IV73
Republic of Ireland,IV74
Republic of Ireland,IV75
Republic of Ireland,IV76
Republic of Ireland,IV77
Republic of Ireland,IV78
Republic of Ireland,IV79
Republic of Ireland,IV81
Republic of Ireland,IV82
Republic of Ireland,IV83
Republic of Ireland,IV84
Republic of Ireland,IV85
Republic of Ireland,IV86
Republic of Ireland,IV87
Republic of Ireland,IV88
Republic of Ireland,IV89
Republic of Ireland,IV91
Republic of Ireland,IV92
Republic of Ireland,IV93
Republic of Ireland,IV94
Republic of Ireland,IV95
Republic of Ireland,IV96
Republic of Ireland,IV97
Republic of Ireland,IV98
Republic of Ireland,IV99
Republic of Ireland,IW01
Republic of Ireland,IW02
Republic of Ireland,IW03
Republic of Ireland,IW04
Republic of Ireland,IW05
Republic of Ireland,IW06
Republic of Ireland,IW07
Republic of Ireland,IW08
Republic of Ireland,IW09
Republic of Ireland,IW12
Republic of Ireland,IW13
Republic of Ireland,IW14
Republic of Ireland,IW15
Republic of Ireland,IW16
Republic of Ireland,IW17
Republic of Ireland,IW18
Republic of Ireland,IW19
Republic of Ireland,IW22
Republic of Ireland,IW23
Republic of Ireland,IW24
Republic of Ireland,IW25
Republic of Ireland,IW26
Republic of Ireland,IW27
Republic of Ireland,IW28
Republic of Ireland,IW29
Republic of Ireland,IW32
Republic of Ireland,IW33
Republic of Ireland,IW34
Republic of Ireland,IW35
Republic of Ireland,IW36
Republic of Ireland,IW37
Republic of Ireland,IW38
Republic of Ireland,IW39
Republic of Ireland,IW43
Republic of Ireland,IW44
Republic of Ireland,IW45
Republic of Ireland,IW46
Republic of Ireland,IW47
Republic of Ireland,IW48
Republic of Ireland,IW49
Republic of Ireland,IW53
Republic of Ireland,IW54
Republic of Ireland,IW55
Republic of Ireland,IW56
Republic of Ireland,IW57
Republic of Ireland,IW58
Republic of Ireland,IW59
Republic of Ireland,IW63
Republic of Ireland,IW64
Republic of Ireland,IW65
Republic of Ireland,IW66
Republic of Ireland,IW67
Republic of Ireland,IW68
Republic of Ireland,IW69
Republic of Ireland,IW74
Republic of Ireland,IW75
Republic of Ireland,IW76
Republic of Ireland,IW77
Republic of Ireland,IW78
Republic of Ireland,IW79
Republic of Ireland,IW85
Republic of Ireland,IW86
Republic of Ireland,IW87
Republic of Ireland,IW88
Republic of Ireland,IW89
Republic of Ireland,IW95
Republic of Ireland,IW96
Republic of Ireland,IW97
Republic of Ireland,IW98
Republic of Ireland,IW99
Republic of Ireland,IX06
Republic of Ireland,IX07
Republic of Ireland,IX08
Republic of Ireland,IX09
Republic of Ireland,IX16
Republic of Ireland,IX17
Republic of Ireland,IX18
Republic of Ireland,IX19
Republic of Ireland,IX27
Republic of Ireland,IX28
Republic of Ireland,IX29
Republic of Ireland,IX37
Republic of Ireland,IX38
Republic of Ireland,IX39
Republic of Ireland,IX49
Republic of Ireland,IX59
Republic of Ireland,IX69
Republic of Ireland,IX79
Republic of Ireland,IX89
Republic of Ireland,IX99
Scotland,NA00
Scotland,NA10
Scotland,NA64
Scotland,NA65
Scotland,NA74
Scotland,NA75
Scotland,NA80
Scotland,NA81
Scotland,NA90
Scotland,NA91
Scotland,NA92
Scotland,NA93
Scotland,NB00
Scotland,NB01
Scotland,NB02
Scotland,NB03
Scotland,NB04
Scotland,NB10
Scotland,NB11
Scotland,NB12
Scotland,NB13
Scotland,NB14
Scotland,NB20
Scotland,NB21
Scotland,NB22
Scotland,NB23
Scotland,NB24
Scotland,NB25
Scotland,NB30
Scotland,NB31
Scotland,NB32
Scotland,NB33
Scotland,NB34
Scotland,NB35
Scotland,NB36
Scotland,NB40
Scotland,NB41
Scotland,NB42
Scotland,NB43
Scotland,NB44
Scotland,NB45
Scotland,NB46
Scotland,NB52
Scotland,NB53
Scotland,NB54
Scotland,NB55
Scotland,NB56
Scotland,NB63
Scotland,NB80
Scotland,NB90
Scotland,NB91
Scotland,NB92
Scotland,NB93
Scotland,NC00
Scotland,NC01
Scotland,NC02
Scotland,NC03
Scotland,NC04
Scotland,NC10
Scotland,NC11
Scotland,NC12
Scotland,NC13
Scotland,NC14
Scotland,NC15
Scotland,NC16
Scotland,NC20
Scotland,NC21
Scotland,NC22
Scotland,NC23
Scotland,NC24
Scotland,NC25
Scotland,NC26
Scotland,NC27
Scotland,NC30
Scotland,NC31
Scotland,NC32
Scotland,NC33
Scotland,NC34
Scotland,NC35
Scotland,NC36
Scotland,NC37
Scotland,NC40
Scotland,NC41
Scotland,NC42
Scotland,NC43
Scotland,NC44
Scotland,NC45
Scotland,NC46
Scotland,NC47
Scotland,NC50
Scotland,NC51
Scotland,NC52
Scotland,NC53
Scotland,NC54
Scotland,NC55
Scotland,NC56
Scotland,NC57
Scotland,NC60
Scotland,NC61
Scotland,NC62
Scotland,NC63
Scotland,NC64
Scotland,NC65
Scotland,NC66
Scotland,NC70
Scotland,NC71
Scotland,NC72
Scotland,NC73
Scotland,NC74
Scotland,NC75
Scotland,NC76
Scotland,NC77
Scotland,NC80
Scotland,NC81
Scotland,NC82
Scotland,NC83
Scotland,NC84
Scotland,NC85
Scotland,NC86
Scotland,NC87
Scotland,NC90
Scotland,NC91
Scotland,NC92
Scotland,NC93
Scotland,NC94
Scotland,NC95
Scotland,NC96
Scotland,NC97
Scotland,ND00
Scotland,ND01
Scotland,ND02
Scotland,ND03
Scotland,ND04
Scotland,ND05
Scotland,ND06
Scotland,ND07
Scotland,ND11
Scotland,ND12
Scotland,ND13
Scotland,ND14
Scotland,ND15
Scotland,ND16
Scotland,ND17
Scotland,ND19
Scotland,ND22
Scotland,ND23
Scotland,ND24
Scotland,ND25
Scotland,ND26
Scotland,ND27
Scotland,ND28
Scotland,ND29
Scotland,ND33
Scotland,ND34
Scotland,ND35
Scotland,ND36
Scotland,ND37
Scotland,ND38
Scotland,ND39
Scotland,ND44
Scotland,ND45
Scotland,ND46
Scotland,ND47
Scotland,ND48
Scotland,ND49
Scotland,ND57
Scotland,ND58
Scotland,ND59
Scotland,ND69
Scotland,NF09
Scotland,NF19
Scotland,NF50
Scotland,NF55
Scotland,NF56
Scotland,NF57
Scotland,NF58
Scotland,NF60
Scotland,NF61
Scotland,NF62
Scotland,NF63
Scotland,NF65
Scotland,NF66
Scotland,NF67
Scotland,NF68
Scotland,NF69
Scotland,NF70
Scotland,NF71
Scotland,NF72
Scotland,NF73
Scotland,NF74
Scotland,NF75
Scotland,NF76
Scotland,NF77
Scotland,NF78
Scotland,NF80
Scotland,NF81
Scotland,NF82
Scotland,NF83
Scotland,NF84
Scotland,NF85
Scotland,NF86
Scotland,NF87
Scotland,NF88
Scotland,NF89
Scotland,NF93
Scotland,NF94
Scotland,NF95
Scotland,NF96
Scotland,NF97
Scotland,NF98
Scotland,NF99
Scotland,NG04
Scotland,NG07
Scotland,NG08
Scotland,NG09
Scotland,NG10
Scotland,NG13
Scotland,NG14
Scotland,NG15
Scotland,NG16
Scotland,NG18
Scotland,NG19
Scotland,NG20
Scotland,NG22
Scotland,NG23
Scotland,NG24
Scotland,NG25
Scotland,NG26
Scotland,NG27
Scotland,NG28
Scotland,NG29
Scotland,NG30
Scotland,NG31
Scotland,NG32
Scotland,NG33
Scotland,NG34
Scotland,NG35
Scotland,NG36
Scotland,NG37
Scotland,NG38
Scotland,NG39
Scotland,NG40
Scotland,NG41
Scotland,NG42
Scotland,NG43
Scotland,NG44
Scotland,NG45
Scotland,NG46
Scotland,NG47
Scotland,NG48
Scotland,NG49
Scotland,NG50
Scotland,NG51
Scotland,NG52
Scotland,NG53
Scotland,NG54
Scotland,NG55
Scotland,NG56
Scotland,NG57
Scotland,NG60
Scotland,NG61
Scotland,NG62
Scotland,NG63
Scotland,NG64
Scotland,NG65
Scotland,NG66
Scotland,NG67
Scotland,NG70
Scotland,NG71
Scotland,NG72
Scotland,NG73
Scotland,NG74
Scotland,NG75
Scotland,NG76
Scotland,NG77
Scotland,NG78
Scotland,NG79
Scotland,NG80
Scotland,NG81
Scotland,NG82
Scotland,NG83
Scotland,NG84
Scotland,NG85
Scotland,NG86
Scotland,NG87
Scotland,NG88
Scotland,NG89
Scotland,NG90
Scotland,NG91
Scotland,NG92
Scotland,NG93
Scotland,NG94
Scotland,NG95
Scotland,NG96
Scotland,NG97
Scotland,NG98
Scotland,NG99
Scotland,NH00
Scotland,NH01
Scotland,NH02
Scotland,NH03
Scotland,NH04
Scotland,NH05
Scotland,NH06
Scotland,NH07
Scotland,NH08
Scotland,NH09
Scotland,NH10
Scotland,NH11
Scotland,NH12
Scotland,NH13
Scotland,NH14
Scotland,NH15
Scotland,NH16
Scotland,NH17
Scotland,NH18
Scotland,NH19
Scotland,NH20
Scotland,NH21
Scotland,NH22
Scotland,NH23
Scotland,NH24
Scotland,NH25
Scotland,NH26
Scotland,NH27
Scotland,NH28
Scotland,NH29
Scotland,NH30
Scotland,NH31
Scotland,NH32
Scotland,NH33
Scotland,NH34
Scotland,NH35
Scotland,NH36
Scotland,NH37
Scotland,NH38
Scotland,NH39
Scotland,NH40
Scotland,NH41
Scotland,NH42
Scotland,NH43
Scotland,NH44
Scotland,NH45
Scotland,NH46
Scotland,NH47
Scotland,NH48
Scotland,NH49
Scotland,NH50
Scotland,NH51
Scotland,NH52
Scotland,NH53
Scotland,NH54
Scotland,NH55
Scotland,NH56
Scotland,NH57
Scotland,NH58
Scotland,NH59
Scotland,NH60
Scotland,NH61
Scotland,NH62
Scotland,NH63
Scotland,NH64
Scotland,NH65
Scotland,NH66
Scotland,NH67
Scotland,NH68
Scotland,NH69
Scotland,NH70
Scotland,NH71
Scotland,NH72
Scotland,NH73
Scotland,NH74
Scotland,NH75
Scotland,NH76
Scotland,NH77
Scotland,NH78
Scotland,NH79
Scotland,NH80
Scotland,NH81
Scotland,NH82
Scotland,NH83
Scotland,NH84
Scotland,NH85
Scotland,NH86
Scotland,NH87
Scotland,NH88
Scotland,NH89
Scotland,NH90
Scotland,NH91
Scotland,NH92
Scotland,NH93
Scotland,NH94
Scotland,NH95
Scotland,NH96
Scotland,NH97
Scotland,NH98
Scotland,NH99
Scotland,NJ00
Scotland,NJ01
Scotland,NJ02
Scotland,NJ03
Scotland,NJ04
Scotland,NJ05
Scotland,NJ06
Scotland,NJ07
Scotland,NJ10
Scotland,NJ11
Scotland,NJ12
Scotland,NJ13
Scotland,NJ14
Scotland,NJ15
Scotland,NJ16
Scotland,NJ17
Scotland,NJ20
Scotland,NJ21
Scotland,NJ22
Scotland,NJ23
Scotland,NJ24
Scotland,NJ25
Scotland,NJ26
Scotland,NJ27
Scotland,NJ30
Scotland,NJ31
Scotland,NJ32
Scotland,NJ33
Scotland,NJ34
Scotland,NJ35
Scotland,NJ36
Scotland,NJ37
Scotland,NJ40
Scotland,NJ41
Scotland,NJ42
Scotland,NJ43
Scotland,NJ44
Scotland,NJ45
Scotland,NJ46
Scotland,NJ47
Scotland,NJ50
Scotland,NJ51
Scotland,NJ52
Scotland,NJ53
Scotland,NJ54
Scotland,NJ55
Scotland,NJ56
Scotland,NJ57
Scotland,NJ60
Scotland,NJ61
Scotland,NJ62
Scotland,NJ63
Scotland,NJ64
Scotland,NJ65
Scotland,NJ66
Scotland,NJ70
Scotland,NJ71
Scotland,NJ72
Scotland,NJ73
Scotland,NJ74
Scotland,NJ75
Scotland,NJ76
Scotland,NJ80
Scotland,NJ81
Scotland,NJ82
Scotland,NJ83
Scotland,NJ84
Scotland,NJ85
Scotland,NJ86
Scotland,NJ87
Scotland,NJ90
Scotland,NJ91
Scotland,NJ92
Scotland,NJ93
Scotland,NJ94
Scotland,NJ95
Scotland,NJ96
Scotland,NJ97
Scotland,NK00
Scotland,NK01
Scotland,NK02
Scotland,NK03
Scotland,NK04
Scotland,NK05
Scotland,NK06
Scotland,NK07
Scotland,NK13
Scotland,NK14
Scotland,NK15
Scotland,NK16
Scotland,NL57
Scotland,NL58
Scotland,NL59
Scotland,NL67
Scotland,NL68
Scotland,NL69
Scotland,NL79
Scotland,NL82
Scotland,NL84
Scotland,NL93
Scotland,NL94
Scotland,NL95
Scotland,NM03
Scotland,NM04
Scotland,NM05
Scotland,NM14
Scotland,NM15
Scotland,NM16
Scotland,NM19
Scotland,NM20
Scotland,NM21
Scotland,NM22
Scotland,NM23
Scotland,NM24
Scotland,NM25
Scotland,NM26
Scotland,NM29
Scotland,NM30
Scotland,NM31
Scotland,NM32
Scotland,NM33
Scotland,NM34
Scotland,NM35
Scotland,NM36
Scotland,NM37
Scotland,NM38
Scotland,NM39
Scotland,NM40
Scotland,NM41
Scotland,NM42
Scotland,NM43
Scotland,NM44
Scotland,NM45
Scotland,NM46
Scotland,NM47
Scotland,NM48
Scotland,NM49
Scotland,NM51
Scotland,NM52
Scotland,NM53
Scotland,NM54
Scotland,NM55
Scotland,NM56
Scotland,NM57
Scotland,NM58
Scotland,NM59
Scotland,NM60
Scotland,NM61
Scotland,NM62
Scotland,NM63
Scotland,NM64
Scotland,NM65
Scotland,NM66
Scotland,NM67
Scotland,NM68
Scotland,NM69
Scotland,NM70
Scotland,NM71
Scotland,NM72
Scotland,NM73
Scotland,NM74
Scotland,NM75
Scotland,NM76
Scotland,NM77
Scotland,NM78
Scotland,NM79
Scotland,NM80
Scotland,NM81
Scotland,NM82
Scotland,NM83
Scotland,NM84
Scotland,NM85
Scotland,NM86
Scotland,NM87
Scotland,NM88
Scotland,NM89
Scotland,NM90
Scotland,NM91
Scotland,NM92
Scotland,NM93
Scotland,NM94
Scotland,NM95
Scotland,NM96
Scotland,NM97
Scotland,NM98
Scotland,NM99
Scotland,NN00
Scotland,NN01
Scotland,NN02
Scotland,NN03
Scotland,NN04
Scotland,NN05
Scotland,NN06
Scotland,NN07
Scotland,NN08
Scotland,NN09
Scotland,NN10
Scotland,NN11
Scotland,NN12
Scotland,NN13
Scotland,NN14
Scotland,NN15
Scotland,NN16
Scotland,NN17
Scotland,NN18
Scotland,NN19
Scotland,NN20
Scotland,NN21
Scotland,NN22
Scotland,NN23
Scotland,NN24
Scotland,NN25
Scotland,NN26
Scotland,NN27
Scotland,NN28
Scotland,NN29
Scotland,NN30
Scotland,NN31
Scotland,NN32
Scotland,NN33
Scotland,NN34
Scotland,NN35
Scotland,NN36
Scotland,NN37
Scotland,NN38
Scotland,NN39
Scotland,NN40
Scotland,NN41
Scotland,NN42
Scotland,NN43
Scotland,NN44
Scotland,NN45
Scotland,NN46
Scotland,NN47
Scotland,NN48
Scotland,NN49
Scotland,NN50
Scotland,NN51
Scotland,NN52
Scotland,NN53
Scotland,NN54
Scotland,NN55
Scotland,NN56
Scotland,NN57
Scotland,NN58
Scotland,NN59
Scotland,NN60
Scotland,NN61
Scotland,NN62
Scotland,NN63
Scotland,NN64
Scotland,NN65
Scotland,NN66
Scotland,NN67
Scotland,NN68
Scotland,NN69
Scotland,NN70
Scotland,NN71
Scotland,NN72
Scotland,NN73
Scotland,NN74
Scotland,NN75
Scotland,NN76
Scotland,NN77
Scotland,NN78
Scotland,NN79
Scotland,NN80
Scotland,NN81
Scotland,NN82
Scotland,NN83
Scotland,NN84
Scotland,NN85
Scotland,NN86
Scotland,NN87
Scotland,NN88
Scotland,NN89
Scotland,NN90
Scotland,NN91
Scotland,NN92
Scotland,NN93
Scotland,NN94
Scotland,NN95
Scotland,NN96
Scotland,NN97
Scotland,NN98
Scotland,NN99
Scotland,NO00
Scotland,NO01
Scotland,NO02
Scotland,NO03
Scotland,NO04
Scotland,NO05
Scotland,NO06
Scotland,NO07
Scotland,NO08
Scotland,NO09
Scotland,NO10
Scotland,NO11
Scotland,NO12
Scotland,NO13
Scotland,NO14
Scotland,NO15
Scotland,NO16
Scotland,NO17
Scotland,NO18
Scotland,NO19
Scotland,NO20
Scotland,NO21
Scotland,NO22
Scotland,NO23
Scotland,NO24
Scotland,NO25
Scotland,NO26
Scotland,NO27
Scotland,NO28
Scotland,NO29
Scotland,NO30
Scotland,NO31
Scotland,NO32
Scotland,NO33
Scotland,NO34
Scotland,NO35
Scotland,NO36
Scotland,NO37
Scotland,NO38
Scotland,NO39
Scotland,NO40
Scotland,NO41
Scotland,NO42
Scotland,NO43
Scotland,NO44
Scotland,NO45
Scotland,NO46
Scotland,NO47
Scotland,NO48
Scotland,NO49
Scotland,NO50
Scotland,NO51
Scotland,NO52
Scotland,NO53
Scotland,NO54
Scotland,NO55
Scotland,NO56
Scotland,NO57
Scotland,NO58
Scotland,NO59
Scotland,NO60
Scotland,NO61
Scotland,NO63
Scotland,NO64
Scotland,NO65
Scotland,NO66
Scotland,NO67
Scotland,NO68
Scotland,NO69
Scotland,NO70
Scotland,NO71
Scotland,NO72
Scotland,NO74
Scotland,NO75
Scotland,NO76
Scotland,NO77
Scotland,NO78
Scotland,NO79
Scotland,NO86
Scotland,NO87
Scotland,NO88
Scotland,NO89
Scotland,NO97
Scotland,NO98
Scotland,NO99
Scotland,NR14
Scotland,NR15
Scotland,NR16
Scotland,NR17
Scotland,NR23
Scotland,NR24
Scotland,NR25
Scotland,NR26
Scotland,NR27
Scotland,NR28
Scotland,NR29
Scotland,NR33
Scotland,NR34
Scotland,NR35
Scotland,NR36
Scotland,NR37
Scotland,NR38
Scotland,NR39
Scotland,NR44
Scotland,NR45
Scotland,NR46
Scotland,NR47
Scotland,NR48
Scotland,NR49
Scotland,NR50
Scotland,NR51
Scotland,NR52
Scotland,NR54
Scotland,NR55
Scotland,NR56
Scotland,NR57
Scotland,NR58
Scotland,NR59
Scotland,NR60
Scotland,NR61
Scotland,NR62
Scotland,NR63
Scotland,NR64
Scotland,NR65
Scotland,NR66
Scotland,NR67
Scotland,NR68
Scotland,NR69
Scotland,NR70
Scotland,NR71
Scotland,NR72
Scotland,NR73
Scotland,NR74
Scotland,NR75
Scotland,NR76
Scotland,NR77
Scotland,NR78
Scotland,NR79
Scotland,NR81
Scotland,NR82
Scotland,NR83
Scotland,NR84
Scotland,NR85
Scotland,NR86
Scotland,NR87
Scotland,NR88
Scotland,NR89
Scotland,NR90
Scotland,NR91
Scotland,NR92
Scotland,NR93
Scotland,NR94
Scotland,NR95
Scotland,NR96
Scotland,NR97
Scotland,NR98
Scotland,NR99
Scotland,NS00
Scotland,NS01
Scotland,NS02
Scotland,NS03
Scotland,NS04
Scotland,NS05
Scotland,NS06
Scotland,NS07
Scotland,NS08
Scotland,NS09
Scotland,NS10
Scotland,NS11
Scotland,NS12
Scotland,NS13
Scotland,NS14
Scotland,NS15
Scotland,NS16
Scotland,NS17
Scotland,NS18
Scotland,NS19
Scotland,NS20
Scotland,NS21
Scotland,NS22
Scotland,NS23
Scotland,NS24
Scotland,NS25
Scotland,NS26
Scotland,NS27
Scotland,NS28
Scotland,NS29
Scotland,NS30
Scotland,NS31
Scotland,NS32
Scotland,NS33
Scotland,NS34
Scotland,NS35
Scotland,NS36
Scotland,NS37
Scotland,NS38
Scotland,NS39
Scotland,NS40
Scotland,NS41
Scotland,NS42
Scotland,NS43
Scotland,NS44
Scotland,NS45
Scotland,NS46
Scotland,NS47
Scotland,NS48
Scotland,NS49
Scotland,NS50
Scotland,NS51
Scotland,NS52
Scotland,NS53
Scotland,NS54
Scotland,NS55
Scotland,NS56
Scotland,NS57
Scotland,NS58
Scotland,NS59
Scotland,NS60
Scotland,NS61
Scotland,NS62
Scotland,NS63
Scotland,NS64
Scotland,NS65
Scotland,NS66
Scotland,NS67
Scotland,NS68
Scotland,NS69
Scotland,NS70
Scotland,NS71
Scotland,NS72
Scotland,NS73
Scotland,NS74
Scotland,NS75
Scotland,NS76
Scotland,NS77
Scotland,NS78
Scotland,NS79
Scotland,NS80
Scotland,NS81
Scotland,NS82
Scotland,NS83
Scotland,NS84
Scotland,NS85
Scotland,NS86
Scotland,NS87
Scotland,NS88
Scotland,NS89
Scotland,NS90
Scotland,NS91
Scotland,NS92
Scotland,NS93
Scotland,NS94
Scotland,NS95
Scotland,NS96
Scotland,NS97
Scotland,NS98
Scotland,NS99
Scotland,NT00
Scotland,NT01
Scotland,NT02
Scotland,NT03
Scotland,NT04
Scotland,NT05
Scotland,NT06
Scotland,NT07
Scotland,NT08
Scotland,NT09
Scotland,NT10
Scotland,NT11
Scotland,NT12
Scotland,NT13
Scotland,NT14
Scotland,NT15
Scotland,NT16
Scotland,NT17
Scotland,NT18
Scotland,NT19
Scotland,NT20
Scotland,NT21
Scotland,NT22
Scotland,NT23
Scotland,NT24
Scotland,NT25
Scotland,NT26
Scotland,NT27
Scotland,NT28
Scotland,NT29
Scotland,NT30
Scotland,NT31
Scotland,NT32
Scotland,NT33
Scotland,NT34
Scotland,NT35
Scotland,NT36
Scotland,NT37
Scotland,NT38
Scotland,NT39
Scotland,NT40
Scotland,NT41
Scotland,NT42
Scotland,NT43
Scotland,NT44
Scotland,NT45
Scotland,NT46
Scotland,NT47
Scotland,NT48
Scotland,NT49
Scotland,NT50
Scotland,NT51
Scotland,NT52
Scotland,NT53
Scotland,NT54
Scotland,NT55
Scotland,NT56
Scotland,NT57
Scotland,NT58
Scotland,NT59
Scotland,NT60
Scotland,NT61
Scotland,NT62
Scotland,NT63
Scotland,NT64
Scotland,NT65
Scotland,NT66
Scotland,NT67
Scotland,NT68
Scotland,NT69
England,NT70
Scotland,NT71
Scotland,NT72
Scotland,NT73
Scotland,NT74
Scotland,NT75
Scotland,NT76
Scotland,NT77
England,NT78
England,NT79
England,NT80
England,NT81
Scotland,NT82
England,NT83
Scotland,NT84
Scotland,NT85
Scotland,NT86
Scotland,NT87
England,NT90
England,NT91
England,NT92
England,NT93
England,NT94
Scotland,NT95
Scotland,NT96
Scotland,NT97
England,NU00
England,NU01
England,NU02
England,NU03
England,NU04
England,NU05
Scotland,NU06
England,NU10
England,NU11
England,NU12
England,NU13
England,NU14
England,NU20
England,NU21
England,NU22
England,NU23
England,NU24
England,NU30
Scotland,NW77
Scotland,NW94
Scotland,NW95
Scotland,NW96
Scotland,NW97
Scotland,NW99
Scotland,NX02
Scotland,NX03
Scotland,NX04
Scotland,NX05
Scotland,NX06
Scotland,NX07
Scotland,NX08
Scotland,NX09
Scotland,NX12
Scotland,NX13
Scotland,NX14
Scotland,NX15
Scotland,NX16
Scotland,NX17
Scotland,NX18
Scotland,NX19
Scotland,NX23
Scotland,NX24
Scotland,NX25
Scotland,NX26
Scotland,NX27
Scotland,NX28
Scotland,NX29
Scotland,NX33
Scotland,NX34
Scotland,NX35
Scotland,NX36
Scotland,NX37
Scotland,NX38
Scotland,NX39
Scotland,NX43
Scotland,NX44
Scotland,NX45
Scotland,NX46
Scotland,NX47
Scotland,NX48
Scotland,NX49
Scotland,NX53
Scotland,NX54
Scotland,NX55
Scotland,NX56
Scotland,NX57
Scotland,NX58
Scotland,NX59
Scotland,NX63
Scotland,NX64
Scotland,NX65
Scotland,NX66
Scotland,NX67
Scotland,NX68
Scotland,NX69
Scotland,NX74
Scotland,NX75
Scotland,NX76
Scotland,NX77
Scotland,NX78
Scotland,NX79
Scotland,NX84
Scotland,NX85
Scotland,NX86
Scotland,NX87
Scotland,NX88
Scotland,NX89
England,NX90
England,NX91
England,NX92
England,NX93
Scotland,NX95
Scotland,NX96
Scotland,NX97
Scotland,NX98
Scotland,NX99
England,NY00
England,NY01
England,NY02
England,NY03
England,NY04
Scotland,NY05
Scotland,NY06
Scotland,NY07
Scotland,NY08
Scotland,NY09
England,NY10
England,NY11
England,NY12
England,NY13
England,NY14
England,NY15
Scotland,NY16
Scotland,NY17
Scotland,NY18
Scotland,NY19
England,NY20
England,NY21
England,NY22
England,NY23
England,NY24
England,NY25
Scotland,NY26
Scotland,NY27
Scotland,NY28
Scotland,NY29
England,NY30
England,NY31
England,NY32
England,NY33
England,NY34
England,NY35
England,NY36
Scotland,NY37
Scotland,NY38
Scotland,NY39
England,NY40
England,NY41
England,NY42
England,NY43
England,NY44
England,NY45
England,NY46
England,NY47
Scotland,NY48
Scotland,NY49
England,NY50
England,NY51
England,NY52
England,NY53
England,NY54
England,NY55
England,NY56
England,NY57
England,NY58
Scotland,NY59
England,NY60
England,NY61
England,NY62
England,NY63
England,NY64
England,NY65
England,NY66
England,NY67
England,NY68
England,NY69
England,NY70
England,NY71
England,NY72
England,NY73
England,NY74
England,NY75
England,NY76
England,NY77
England,NY78
England,NY79
England,NY80
England,NY81
England,NY82
England,NY83
England,NY84
England,NY85
England,NY86
England,NY87
England,NY88
England,NY89
England,NY90
England,NY91
England,NY92
England,NY93
England,NY94
England,NY95
England,NY96
England,NY97
England,NY98
England,NY99
England,NZ00
England,NZ01
England,NZ02
England,NZ03
England,NZ04
England,NZ05
England,NZ06
England,NZ07
England,NZ08
England,NZ09
England,NZ10
England,NZ11
England,NZ12
England,NZ13
England,NZ14
England,NZ15
England,NZ16
England,NZ17
England,NZ18
England,NZ19
England,NZ20
England,NZ21
England,NZ22
England,NZ23
England,NZ24
England,NZ25
England,NZ26
England,NZ27
England,NZ28
England,NZ29
England,NZ30
England,NZ31
England,NZ32
England,NZ33
England,NZ34
England,NZ35
England,NZ36
England,NZ37
England,NZ38
England,NZ39
England,NZ40
England,NZ41
England,NZ42
England,NZ43
England,NZ44
England,NZ45
England,NZ46
England,NZ47
England,NZ50
England,NZ51
England,NZ52
England,NZ53
England,NZ54
England,NZ60
England,NZ61
England,NZ62
England,NZ70
England,NZ71
England,NZ72
England,NZ80
England,NZ81
England,NZ82
England,NZ90
England,NZ91
England,SC74
England,SC96
England,SD01
England,SD07
England,SD08
England,SD09
England,SD10
England,SD11
England,SD12
England,SD13
England,SD15
England,SD16
England,SD17
England,SD18
England,SD19
England,SD20
England,SD21
England,SD22
England,SD23
England,SD24
England,SD25
England,SD26
England,SD27
England,SD28
England,SD29
England,SD30
England,SD31
England,SD32
England,SD33
England,SD34
England,SD35
England,SD36
England,SD37
England,SD38
England,SD39
England,SD40
England,SD41
England,SD42
England,SD43
England,SD44
England,SD45
England,SD46
England,SD47
England,SD48
England,SD49
England,SD50
England,SD51
England,SD52
England,SD53
England,SD54
England,SD55
England,SD56
England,SD57
England,SD58
England,SD59
England,SD60
England,SD61
England,SD62
England,SD63
England,SD64
England,SD65
England,SD66
England,SD67
England,SD68
England,SD69
England,SD70
England,SD71
England,SD72
England,SD73
England,SD74
England,SD75
England,SD76
England,SD77
England,SD78
England,SD79
England,SD80
England,SD81
England,SD82
England,SD83
England,SD84
England,SD85
England,SD86
England,SD87
England,SD88
England,SD89
England,SD90
England,SD91
England,SD92
England,SD93
England,SD94
England,SD95
England,SD96
England,SD97
England,SD98
England,SD99
England,SE00
England,SE01
England,SE02
England,SE03
England,SE04
England,SE05
England,SE06
England,SE07
England,SE08
England,SE09
England,SE10
England,SE11
England,SE12
England,SE13
England,SE14
England,SE15
England,SE16
England,SE17
England,SE18
England,SE19
England,SE20
England,SE21
England,SE22
England,SE23
England,SE24
England,SE25
England,SE26
England,SE27
England,SE28
England,SE29
England,SE30
England,SE31
England,SE32
England,SE33
England,SE34
England,SE35
England,SE36
England,SE37
England,SE38
England,SE39
England,SE40
England,SE41
England,SE42
England,SE43
England,SE44
England,SE45
England,SE46
England,SE47
England,SE48
England,SE49
England,SE50
England,SE51
England,SE52
England,SE53
England,SE54
England,SE55
England,SE56
England,SE57
England,SE58
England,SE59
England,SE60
England,SE61
England,SE62
England,SE63
England,SE64
England,SE65
England,SE66
England,SE67
England,SE68
England,SE69
England,SE70
England,SE71
England,SE72
England,SE73
England,SE74
England,SE75
England,SE76
England,SE77
England,SE78
England,SE79
England,SE80
England,SE81
England,SE82
England,SE83
England,SE84
England,SE85
England,SE86
England,SE87
England,SE88
England,SE89
England,SE90
England,SE91
England,SE92
England,SE93
England,SE94
England,SE95
England,SE96
England,SE97
England,SE98
England,SE99
Wales,SH01
Wales,SH02
England,SH08
Wales,SH11
Wales,SH12
Wales,SH13
Wales,SH17
Wales,SH18
Wales,SH21
Wales,SH22
Wales,SH23
Wales,SH24
Wales,SH26
Wales,SH27
Wales,SH28
Wales,SH29
Wales,SH31
Wales,SH32
Wales,SH33
Wales,SH34
Wales,SH35
Wales,SH36
Wales,SH37
Wales,SH38
Wales,SH39
Wales,SH43
Wales,SH44
Wales,SH45
Wales,SH46
Wales,SH47
Wales,SH48
Wales,SH49
Wales,SH50
Wales,SH51
Wales,SH52
Wales,SH53
Wales,SH54
Wales,SH55
Wales,SH56
Wales,SH57
Wales,SH58
Wales,SH59
Wales,SH60
Wales,SH61
Wales,SH62
Wales,SH63
Wales,SH64
Wales,SH65
Wales,SH66
Wales,SH67
Wales,SH68
Wales,SH70
Wales,SH71
Wales,SH72
Wales,SH73
Wales,SH74
Wales,SH75
Wales,SH76
Wales,SH77
Wales,SH78
Wales,SH80
Wales,SH81
Wales,SH82
Wales,SH83
Wales,SH84
Wales,SH85
Wales,SH86
Wales,SH87
Wales,SH88
Wales,SH90
Wales,SH91
Wales,SH92
Wales,SH93
Wales,SH94
Wales,SH95
Wales,SH96
Wales,SH97
Wales,SH98
Wales,SJ00
Wales,SJ01
Wales,SJ02
Wales,SJ03
Wales,SJ04
Wales,SJ05
Wales,SJ06
Wales,SJ07
Wales,SJ08
Wales,SJ10
Wales,SJ11
Wales,SJ12
Wales,SJ13
Wales,SJ14
Wales,SJ15
Wales,SJ16
Wales,SJ17
Wales,SJ18
England,SJ19
Wales,SJ20
Wales,SJ21
England,SJ22
Wales,SJ23
Wales,SJ24
Wales,SJ25
Wales,SJ26
Wales,SJ27
England,SJ28
England,SJ29
England,SJ30
England,SJ31
England,SJ32
England,SJ33
Wales,SJ34
Wales,SJ35
Wales,SJ36
England,SJ37
England,SJ38
England,SJ39
England,SJ40
England,SJ41
England,SJ42
England,SJ43
Wales,SJ44
England,SJ45
England,SJ46
England,SJ47
England,SJ48
England,SJ49
England,SJ50
England,SJ51
England,SJ52
England,SJ53
England,SJ54
England,SJ55
England,SJ56
England,SJ57
England,SJ58
England,SJ59
England,SJ60
England,SJ61
England,SJ62
England,SJ63
England,SJ64
England,SJ65
England,SJ66
England,SJ67
England,SJ68
England,SJ69
England,SJ70
England,SJ71
England,SJ72
England,SJ73
England,SJ74
England,SJ75
England,SJ76
England,SJ77
England,SJ78
England,SJ79
England,SJ80
England,SJ81
England,SJ82
England,SJ83
England,SJ84
England,SJ85
England,SJ86
England,SJ87
England,SJ88
England,SJ89
England,SJ90
England,SJ91
England,SJ92
England,SJ93
England,SJ94
England,SJ95
England,SJ96
England,SJ97
England,SJ98
England,SJ99
England,SK00
England,SK01
England,SK02
England,SK03
England,SK04
England,SK05
England,SK06
England,SK07
England,SK08
England,SK09
England,SK10
England,SK11
England,SK12
England,SK13
England,SK14
England,SK15
England,SK16
England,SK17
England,SK18
England,SK19
England,SK20
England,SK21
England,SK22
England,SK23
England,SK24
England,SK25
England,SK26
England,SK27
England,SK28
England,SK29
England,SK30
England,SK31
England,SK32
England,SK33
England,SK34
England,SK35
England,SK36
England,SK37
England,SK38
England,SK39
England,SK40
England,SK41
England,SK42
England,SK43
England,SK44
England,SK45
England,SK46
England,SK47
England,SK48
England,SK49
England,SK50
England,SK51
England,SK52
England,SK53
England,SK54
England,SK55
England,SK56
England,SK57
England,SK58
England,SK59
England,SK60
England,SK61
England,SK62
England,SK63
England,SK64
England,SK65
England,SK66
England,SK67
England,SK68
England,SK69
England,SK70
England,SK71
England,SK72
England,SK73
England,SK74
England,SK75
England,SK76
England,SK77
England,SK78
England,SK79
England,SK80
England,SK81
England,SK82
England,SK83
England,SK84
England,SK85
England,SK86
England,SK87
England,SK88
England,SK89
England,SK90
England,SK91
England,SK92
England,SK93
England,SK94
England,SK95
England,SK96
England,SK97
England,SK98
England,SK99
England,SM36
Wales,SM50
Wales,SM51
Wales,SM60
Wales,SM61
Wales,SM62
Wales,SM63
Wales,SM70
Wales,SM71
Wales,SM72
Wales,SM73
Wales,SM80
Wales,SM81
Wales,SM82
Wales,SM83
Wales,SM84
Wales,SM90
Wales,SM91
Wales,SM92
Wales,SM93
Wales,SM94
Wales,SN00
Wales,SN01
Wales,SN02
Wales,SN03
Wales,SN04
Wales,SN05
Wales,SN10
Wales,SN11
Wales,SN12
Wales,SN13
Wales,SN14
Wales,SN15
Wales,SN20
Wales,SN21
Wales,SN22
Wales,SN23
Wales,SN24
Wales,SN25
Wales,SN30
Wales,SN31
Wales,SN32
Wales,SN33
Wales,SN34
Wales,SN35
Wales,SN36
Wales,SN40
Wales,SN41
Wales,SN42
Wales,SN43
Wales,SN44
Wales,SN45
Wales,SN46
Wales,SN47
Wales,SN50
Wales,SN51
Wales,SN52
Wales,SN53
Wales,SN54
Wales,SN55
Wales,SN56
Wales,SN57
Wales,SN58
Wales,SN59
Wales,SN60
Wales,SN61
Wales,SN62
Wales,SN63
Wales,SN64
Wales,SN65
Wales,SN66
Wales,SN67
Wales,SN68
Wales,SN69
Wales,SN70
Wales,SN71
Wales,SN72
Wales,SN73
Wales,SN74
Wales,SN75
Wales,SN76
Wales,SN77
Wales,SN78
Wales,SN79
Wales,SN80
Wales,SN81
Wales,SN82
Wales,SN83
Wales,SN84
Wales,SN85
Wales,SN86
Wales,SN87
Wales,SN88
Wales,SN89
Wales,SN90
Wales,SN91
Wales,SN92
Wales,SN93
Wales,SN94
Wales,SN95
Wales,SN96
Wales,SN97
Wales,SN98
Wales,SN99
Wales,SO00
Wales,SO01
Wales,SO02
Wales,SO03
Wales,SO04
Wales,SO05
Wales,SO06
Wales,SO07
Wales,SO08
Wales,SO09
Wales,SO10
Wales,SO11
Wales,SO12
Wales,SO13
Wales,SO14
Wales,SO15
Wales,SO16
Wales,SO17
Wales,SO18
Wales,SO19
Wales,SO20
Wales,SO21
Wales,SO22
Wales,SO23
England,SO24
Wales,SO25
Wales,SO26
Wales,SO27
England,SO28
Wales,SO29
Wales,SO30
Wales,SO31
Wales,SO32
England,SO33
England,SO34
England,SO35
England,SO36
England,SO37
England,SO38
England,SO39
Wales,SO40
Wales,SO41
England,SO42
England,SO43
England,SO44
England,SO45
England,SO46
England,SO47
England,SO48
England,SO49
England,SO50
England,SO51
England,SO52
England,SO53
England,SO54
England,SO55
England,SO56
England,SO57
England,SO58
England,SO59
England,SO60
England,SO61
England,SO62
England,SO63
England,SO64
England,SO65
England,SO66
England,SO67
England,SO68
England,SO69
England,SO70
England,SO71
England,SO72
England,SO73
England,SO74
England,SO75
England,SO76
England,SO77
England,SO78
England,SO79
England,SO80
England,SO81
England,SO82
England,SO83
England,SO84
England,SO85
England,SO86
England,SO87
England,SO88
England,SO89
England,SO90
England,SO91
England,SO92
England,SO93
England,SO94
England,SO95
England,SO96
England,SO97
England,SO98
England,SO99
England,SP00
England,SP01
England,SP02
England,SP03
England,SP04
England,SP05
England,SP06
England,SP07
England,SP08
England,SP09
England,SP10
England,SP11
England,SP12
England,SP13
England,SP14
England,SP15
England,SP16
England,SP17
England,SP18
England,SP19
England,SP20
England,SP21
England,SP22
England,SP23
England,SP24
England,SP25
England,SP26
England,SP27
England,SP28
England,SP29
England,SP30
England,SP31
England,SP32
England,SP33
England,SP34
England,SP35
England,SP36
England,SP37
England,SP38
England,SP39
England,SP40
England,SP41
England,SP42
England,SP43
England,SP44
England,SP45
England,SP46
England,SP47
England,SP48
England,SP49
England,SP50
England,SP51
England,SP52
England,SP53
England,SP54
England,SP55
England,SP56
England,SP57
England,SP58
England,SP59
England,SP60
England,SP61
England,SP62
England,SP63
England,SP64
England,SP65
England,SP66
England,SP67
England,SP68
England,SP69
England,SP70
England,SP71
England,SP72
England,SP73
England,SP74
England,SP75
England,SP76
England,SP77
England,SP78
England,SP79
England,SP80
England,SP81
England,SP82
England,SP83
England,SP84
England,SP85
England,SP86
England,SP87
England,SP88
England,SP89
England,SP90
England,SP91
England,SP92
England,SP93
England,SP94
England,SP95
England,SP96
England,SP97
England,SP98
England,SP99
Wales,SR79
Wales,SR89
Wales,SR98
Wales,SR99
England,SS04
Wales,SS09
England,SS10
England,SS11
England,SS12
England,SS14
England,SS15
Wales,SS19
England,SS20
England,SS21
England,SS22
England,SS23
England,SS30
England,SS31
England,SS32
England,SS33
England,SS34
Wales,SS38
Wales,SS39
England,SS40
England,SS41
England,SS42
England,SS43
England,SS44
England,SS45
Wales,SS48
Wales,SS49
England,SS50
England,SS51
England,SS52
England,SS53
England,SS54
England,SS55
Wales,SS58
Wales,SS59
England,SS60
England,SS61
England,SS62
England,SS63
England,SS64
England,SS65
Wales,SS68
Wales,SS69
England,SS70
England,SS71
England,SS72
England,SS73
England,SS74
England,SS75
Wales,SS77
Wales,SS78
Wales,SS79
England,SS80
England,SS81
England,SS82
England,SS83
England,SS84
England,SS85
Wales,SS86
Wales,SS87
Wales,SS88
Wales,SS89
England,SS90
England,SS91
England,SS92
England,SS93
England,SS94
England,SS95
Wales,SS96
Wales,SS97
Wales,SS98
Wales,SS99
England,ST00
England,ST01
England,ST02
England,ST03
England,ST04
Wales,ST06
Wales,ST07
Wales,ST08
Wales,ST09
England,ST10
England,ST11
England,ST12
England,ST13
England,ST14
England,ST15
Wales,ST16
Wales,ST17
Wales,ST18
Wales,ST19
England,ST20
England,ST21
England,ST22
England,ST23
England,ST24
England,ST25
England,ST26
Wales,ST27
Wales,ST28
Wales,ST29
England,ST30
England,ST31
England,ST32
England,ST33
England,ST34
England,ST35
England,ST36
England,ST37
Wales,ST38
Wales,ST39
England,ST40
England,ST41
England,ST42
England,ST43
England,ST44
England,ST45
England,ST46
England,ST47
Wales,ST48
Wales,ST49
England,ST50
England,ST51
England,ST52
England,ST53
England,ST54
England,ST55
England,ST56
England,ST57
England,ST58
England,ST59
England,ST60
England,ST61
England,ST62
England,ST63
England,ST64
England,ST65
England,ST66
England,ST67
England,ST68
England,ST69
England,ST70
England,ST71
England,ST72
England,ST73
England,ST74
England,ST75
England,ST76
England,ST77
England,ST78
England,ST79
England,ST80
England,ST81
England,ST82
England,ST83
England,ST84
England,ST85
England,ST86
England,ST87
England,ST88
England,ST89
England,ST90
England,ST91
England,ST92
England,ST93
England,ST94
England,ST95
England,ST96
England,ST97
England,ST98
England,ST99
England,SU00
England,SU01
England,SU02
England,SU03
England,SU04
England,SU05
England,SU06
England,SU07
England,SU08
England,SU09
England,SU10
England,SU11
England,SU12
England,SU13
England,SU14
England,SU15
England,SU16
England,SU17
England,SU18
England,SU19
England,SU20
England,SU21
England,SU22
England,SU23
England,SU24
England,SU25
England,SU26
England,SU27
England,SU28
England,SU29
England,SU30
England,SU31
England,SU32
England,SU33
England,SU34
England,SU35
England,SU36
England,SU37
England,SU38
England,SU39
England,SU40
England,SU41
England,SU42
England,SU43
England,SU44
England,SU45
England,SU46
England,SU47
England,SU48
England,SU49
England,SU50
England,SU51
England,SU52
England,SU53
England,SU54
England,SU55
England,SU56
England,SU57
England,SU58
England,SU59
England,SU60
England,SU61
England,SU62
England,SU63
England,SU64
England,SU65
England,SU66
England,SU67
England,SU68
England,SU69
England,SU70
England,SU71
England,SU72
England,SU73
England,SU74
England,SU75
England,SU76
England,SU77
England,SU78
England,SU79
England,SU80
England,SU81
England,SU82
England,SU83
England,SU84
England,SU85
England,SU86
England,SU87
England,SU88
England,SU89
England,SU90
England,SU91
England,SU92
England,SU93
England,SU94
England,SU95
England,SU96
England,SU97
England,SU98
England,SU99
England,SV00
England,SV70
England,SV71
England,SV80
England,SV81
England,SV82
England,SV90
England,SV91
England,SV92
England,SW02
England,SW11
England,SW20
England,SW21
England,SW22
England,SW31
England,SW32
England,SW33
England,SW41
England,SW42
England,SW43
England,SW44
England,SW52
England,SW53
England,SW54
England,SW60
England,SW61
England,SW62
England,SW63
England,SW64
England,SW65
England,SW70
England,SW71
England,SW72
England,SW73
England,SW74
England,SW75
England,SW76
England,SW77
England,SW81
England,SW82
England,SW83
England,SW84
England,SW85
England,SW86
England,SW87
England,SW88
England,SW93
England,SW94
England,SW95
England,SW96
England,SW97
England,SW98
England,SX03
England,SX04
England,SX05
England,SX06
England,SX07
England,SX08
England,SX09
England,SX14
England,SX15
England,SX16
England,SX17
England,SX18
England,SX19
England,SX24
England,SX25
England,SX26
England,SX27
England,SX28
England,SX29
England,SX34
England,SX35
England,SX36
England,SX37
England,SX38
England,SX39
England,SX44
England,SX45
England,SX46
England,SX47
England,SX48
England,SX49
England,SX54
England,SX55
England,SX56
England,SX57
England,SX58
England,SX59
England,SX63
England,SX64
England,SX65
England,SX66
England,SX67
England,SX68
England,SX69
England,SX73
England,SX74
England,SX75
England,SX76
England,SX77
England,SX78
England,SX79
England,SX83
England,SX84
England,SX85
England,SX86
England,SX87
England,SX88
England,SX89
England,SX91
England,SX94
England,SX95
England,SX96
England,SX97
England,SX98
England,SX99
England,SY07
England,SY08
England,SY09
England,SY17
England,SY18
England,SY19
England,SY28
England,SY29
England,SY38
England,SY39
England,SY48
England,SY49
England,SY57
England,SY58
England,SY59
England,SY66
England,SY67
England,SY68
England,SY69
England,SY76
England,SY77
England,SY78
England,SY79
England,SY87
England,SY88
England,SY89
England,SY97
England,SY98
England,SY99
England,SZ07
England,SZ08
England,SZ09
England,SZ18
England,SZ19
England,SZ28
England,SZ29
England,SZ37
England,SZ38
England,SZ39
England,SZ47
England,SZ48
England,SZ49
England,SZ57
England,SZ58
England,SZ59
England,SZ67
England,SZ68
England,SZ69
England,SZ79
England,SZ88
England,SZ89
England,SZ99
England,TA00
England,TA01
England,TA02
England,TA03
England,TA04
England,TA05
England,TA06
England,TA07
England,TA08
England,TA09
England,TA10
England,TA11
England,TA12
England,TA13
England,TA14
England,TA15
England,TA16
England,TA17
England,TA18
England,TA20
England,TA21
England,TA22
England,TA23
England,TA24
England,TA25
England,TA26
England,TA27
England,TA30
England,TA31
England,TA32
England,TA33
England,TA40
England,TA41
England,TA42
England,TF00
England,TF01
England,TF02
England,TF03
England,TF04
England,TF05
England,TF06
England,TF07
England,TF08
England,TF09
England,TF10
England,TF11
England,TF12
England,TF13
England,TF14
England,TF15
England,TF16
England,TF17
England,TF18
England,TF19
England,TF20
England,TF21
England,TF22
England,TF23
England,TF24
England,TF25
England,TF26
England,TF27
England,TF28
England,TF29
England,TF30
England,TF31
England,TF32
England,TF33
England,TF34
England,TF35
England,TF36
England,TF37
England,TF38
England,TF39
England,TF40
England,TF41
England,TF42
England,TF43
England,TF44
England,TF45
England,TF46
England,TF47
England,TF48
England,TF49
England,TF50
England,TF51
England,TF52
England,TF53
England,TF54
England,TF55
England,TF56
England,TF57
England,TF58
England,TF59
England,TF60
England,TF61
England,TF62
England,TF63
England,TF64
England,TF65
England,TF66
England,TF67
England,TF70
England,TF71
England,TF72
England,TF73
England,TF74
England,TF75
England,TF76
England,TF80
England,TF81
England,TF82
England,TF83
England,TF84
England,TF85
England,TF90
England,TF91
England,TF92
England,TF93
England,TF94
England,TF95
England,TG00
England,TG01
England,TG02
England,TG03
England,TG04
England,TG05
England,TG10
England,TG11
England,TG12
England,TG13
England,TG14
England,TG20
England,TG21
England,TG22
England,TG23
England,TG24
England,TG30
England,TG31
England,TG32
England,TG33
England,TG34
England,TG40
England,TG41
England,TG42
England,TG43
England,TG50
England,TG51
England,TG52
England,TL00
England,TL01
England,TL02
England,TL03
England,TL04
England,TL05
England,TL06
England,TL07
England,TL08
England,TL09
England,TL10
England,TL11
England,TL12
England,TL13
England,TL14
England,TL15
England,TL16
England,TL17
England,TL18
England,TL19
England,TL20
England,TL21
England,TL22
England,TL23
England,TL24
England,TL25
England,TL26
England,TL27
England,TL28
England,TL29
England,TL30
England,TL31
England,TL32
England,TL33
England,TL34
England,TL35
England,TL36
England,TL37
England,TL38
England,TL39
England,TL40
England,TL41
England,TL42
England,TL43
England,TL44
England,TL45
England,TL46
England,TL47
England,TL48
England,TL49
England,TL50
England,TL51
England,TL52
England,TL53
England,TL54
England,TL55
England,TL56
England,TL57
England,TL58
England,TL59
England,TL60
England,TL61
England,TL62
England,TL63
England,TL64
England,TL65
England,TL66
England,TL67
England,TL68
England,TL69
England,TL70
England,TL71
England,TL72
England,TL73
England,TL74
England,TL75
England,TL76
England,TL77
England,TL78
England,TL79
England,TL80
England,TL81
England,TL82
England,TL83
England,TL84
England,TL85
England,TL86
England,TL87
England,TL88
England,TL89
England,TL90
England,TL91
England,TL92
England,TL93
England,TL94
England,TL95
England,TL96
England,TL97
England,TL98
England,TL99
England,TM00
England,TM01
England,TM02
England,TM03
England,TM04
England,TM05
England,TM06
England,TM07
England,TM08
England,TM09
England,TM10
England,TM11
England,TM12
England,TM13
England,TM14
England,TM15
England,TM16
England,TM17
England,TM18
England,TM19
England,TM21
England,TM22
England,TM23
England,TM24
England,TM25
England,TM26
England,TM27
England,TM28
England,TM29
England,TM32
England,TM33
England,TM34
England,TM35
England,TM36
England,TM37
England,TM38
England,TM39
England,TM44
England,TM45
England,TM46
England,TM47
England,TM48
England,TM49
England,TM55
England,TM56
England,TM57
England,TM58
England,TM59
England,TQ00
England,TQ01
England,TQ02
England,TQ03
England,TQ04
England,TQ05
England,TQ06
England,TQ07
England,TQ08
England,TQ09
England,TQ10
England,TQ11
England,TQ12
England,TQ13
England,TQ14
England,TQ15
England,TQ16
England,TQ17
England,TQ18
England,TQ19
England,TQ20
England,TQ21
England,TQ22
England,TQ23
England,TQ24
England,TQ25
England,TQ26
England,TQ27
England,TQ28
England,TQ29
England,TQ30
England,TQ31
England,TQ32
England,TQ33
England,TQ34
England,TQ35
England,TQ36
England,TQ37
England,TQ38
England,TQ39
England,TQ40
England,TQ41
England,TQ42
England,TQ43
England,TQ44
England,TQ45
England,TQ46
England,TQ47
England,TQ48
England,TQ49
England,TQ50
England,TQ51
England,TQ52
England,TQ53
England,TQ54
England,TQ55
England,TQ56
England,TQ57
England,TQ58
England,TQ59
England,TQ60
England,TQ61
England,TQ62
England,TQ63
England,TQ64
England,TQ65
England,TQ66
England,TQ67
England,TQ68
England,TQ69
England,TQ70
England,TQ71
England,TQ72
England,TQ73
England,TQ74
England,TQ75
England,TQ76
England,TQ77
England,TQ78
England,TQ79
England,TQ80
England,TQ81
England,TQ82
England,TQ83
England,TQ84
England,TQ85
England,TQ86
England,TQ87
England,TQ88
England,TQ89
England,TQ90
England,TQ91
England,TQ92
England,TQ93
England,TQ94
England,TQ95
England,TQ96
England,TQ97
England,TQ98
England,TQ99
England,TR01
England,TR02
England,TR03
England,TR04
England,TR05
England,TR06
England,TR07
England,TR08
England,TR09
England,TR11
England,TR12
England,TR13
England,TR14
England,TR15
England,TR16
England,TR17
England,TR19
England,TR23
England,TR24
England,TR25
England,TR26
England,TR27
England,TR33
England,TR34
England,TR35
England,TR36
England,TR37
England,TR44
England,TR45
England,TR46
England,TR47
England,TV09
England,TV19
England,TV39
England,TV49
England,TV59
England,TV69
England,NX30
England,NX40
England,SC16
England,SC17
England,SC26
England,SC27
England,SC28
England,SC36
England,SC37
England,SC38
England,SC39
England,SC47
England,SC48
England,SC49
