MASTER_TAXON_ID,ALTERNATIVE_SCI_NAME,CURRENT_SCI_NAME,SORT_ORDER_IOC
1020,Chen canagica,Anser canagicus,3000
1019,Chen rossii,Anser rossii,3010
54,Chen caerulescens,Anser caerulescens,3020
1279,Anser rossicus,Anser serrirostris,3200
1452,Cygnus melanocoryphus,Cygnus melancoryphus,3370
47,Cygnus bewickii,Cygnus columbianus,3400
51367,Alopochen mauritianus,Alopochen mauritiana,3770
51388,Cairina scutulata,Asarcornis scutulata,4090
67,Anas formosa,Sibirionetta formosa,4360
72,Anas querquedula,Spatula querquedula,4380
51474,Anas hottentota,Spatula hottentota,4390
51473,Anas puna,Spatula puna,4400
1340,Anas versicolor,Spatula versicolor,4410
1438,Anas platalea,Spatula platalea,4440
1341,Anas cyanoptera,Spatula cyanoptera,4450
73,Anas discors,Spatula discors,4510
51442,Anas smithii,Spatula smithii,4520
1437,Anas rhynchotis,Spatula rhynchotis,4530
74,Anas clypeata,Spatula clypeata,4560
66,Anas strepera,Mareca strepera,4580
1023,Anas falcata,Mareca falcata,4610
64,Anas penelope,Mareca penelope,4620
1157,Anas sibilatrix,Mareca sibilatrix,4630
65,Anas americana,Mareca americana,4640
51412,Anas marecula,Mareca marecula,4650
92,Mergus cucullatus,Lophodytes cucullatus,5950
50299,Megapodius affinis,Megapodius decollatus,6760
50455,Francolinus nahani,Ptilopachus nahani,8360
50628,Bonasa bonasia,Tetrastes bonasia,10140
50640,Bonasa sewerzowi,Tetrastes sewerzowi,10260
50644,Dendragapus falcipennis,Falcipennis falcipennis,10300
50645,Dendragapus canadensis,Falcipennis canadensis,10310
50663,Tetrao parvirostris,Tetrao urogalloides,10480
127,Tetrao tetrix,Lyrurus tetrix,10520
50673,Tetrao mlokosiewiczi,Lyrurus mlokosiewiczi,10590
126,Lagopus mutus,Lagopus muta,10950
50843,Francolinus lathami,Peliperdix lathami,12270
50846,Francolinus coqui,Peliperdix coqui,12300
50851,Francolinus albogularis,Peliperdix albogularis,12350
50855,Francolinus schlegelii,Peliperdix schlegelii,12390
50857,Francolinus streptophorus,Scleroptila streptophora,12410
50858,Francolinus africanus,Scleroptila afra,12420
50859,Francolinus levaillantii,Scleroptila levaillantii,12430
50863,Francolinus finschi,Scleroptila finschi,12470
50864,Francolinus shelleyi,Scleroptila shelleyi,12480
50870,Francolinus psilolaemus,Scleroptila psilolaema,12530
50873,Francolinus levaillantoides,Scleroptila gutturalis,12560
50881,Francolinus sephaena,Dendroperdix sephaena,12640
50888,Francolinus squamatus,Pternistis squamatus,12710
50895,Francolinus ahantensis,Pternistis ahantensis,12780
50898,Francolinus griseostriatus,Pternistis griseostriatus,12810
50899,Francolinus hildebrandti,Pternistis hildebrandti,12820
50903,Francolinus bicalcaratus,Pternistis bicalcaratus,12860
50908,Francolinus icterorhynchus,Pternistis icterorhynchus,12900
50909,Francolinus clappertoni,Pternistis clappertoni,12910
50916,Francolinus harwoodi,Pternistis harwoodi,12980
50917,Francolinus swierstrai,Pternistis swierstrai,12990
50918,Francolinus camerunensis,Pternistis camerunensis,13000
50919,Francolinus nobilis,Pternistis nobilis,13010
50920,Francolinus jacksoni,Pternistis jacksoni,13020
50921,Francolinus castaneicollis,Pternistis castaneicollis,13030
50926,Francolinus ochropectus,Pternistis ochropectus,13080
50927,Francolinus erckelii,Pternistis erckelii,13090
50928,Francolinus hartlaubi,Pternistis hartlaubi,13100
50932,Francolinus adspersus,Pternistis adspersus,13110
50935,Francolinus capensis,Pternistis capensis,13140
50936,Francolinus natalensis,Pternistis natalensis,13150
50939,Francolinus leucoscepus,Pternistis leucoscepus,13180
50940,Francolinus rufopictus,Pternistis rufopictus,13190
50941,Francolinus afer,Pternistis afer,13200
50949,Francolinus swainsonii,Pternistis swainsonii,13280
50972,Margaroperdix madagascariensis,Margaroperdix madagarensis,13520
51012,Coturnix adansonii,Excalfactoria adansonii,13900
51036,Xenoperdix obscurata,Xenoperdix obscuratus,14140
51162,Gallus lafayetii,Gallus lafayettii,15390
51212,Catreus wallichi,Catreus wallichii,15920
135,Crysolophus amherstiae,Chrysolophus amherstiae,16450
51760,Oceanites maorianus,Fregetta maoriana,17500
1201,Diomedea irrorata,Phoebastria irrorata,17570
11,Thalassarche melanophrys,Thalassarche melanophris,17720
51767,Halocyptena microsoma,Oceanodroma microsoma,17910
51631,Lugensa brevirostris,Aphrodroma brevirostris,18530
51676,Pterodroma rupinarum,Pseudobulweria rupinarum,19000
15,Calonectris diomedea,Calonectris borealis,19160
51690,Calonectris edwarsii,Calonectris edwardsii,19170
51692,Puffinus pacificus,Ardenna pacifica,19190
51693,Puffinus bulleri,Ardenna bulleri,19200
17,Puffinus griseus,Ardenna grisea,19210
51694,Puffinus tenuirostris,Ardenna tenuirostris,19220
51695,Puffinus creatopus,Ardenna creatopus,19230
51696,Puffinus carneipes,Ardenna carneipes,19240
16,Puffinus gravis,Ardenna gravis,19250
1014,Phoenicopterus minor,Phoeniconaias minor,20630
1189,Phaeton aethereus,Phaethon aethereus,20710
51930,Leptoptilos crumeniferus,Leptoptilos crumenifer,21220
51940,Threskiornis moluccus,Threskiornis molucca,21320
51947,Thaumatibis gigantea,Pseudibis gigantea,21390
52005,Tigriornis leucolophus,Tigriornis leucolopha,22010
52052,Ixobrychus flavicollis,Dupetor flavicollis,22510
52091,Butorides striatus,Butorides striata,22920
38,Casmerodius albus,Ardea alba,23500
38,Egretta alba,Ardea alba,23500
52154,Egretta intermedia,Ardea intermedia,23550
52154,Mesophoyx intermedia,Ardea intermedia,23550
52158,Ardea picata,Egretta picata,23660
25,Morus bassana,Morus bassanus,24340
25,Sula bassana,Morus bassanus,24340
52219,Sula capensis,Morus capensis,24350
52244,Phalacrocorax melanoleucos,Microcarbo melanoleucos,24610
52248,Phalacrocorax africanus,Microcarbo africanus,24650
52251,Phalacrocorax coronatus,Microcarbo coronatus,24680
52252,Phalacrocorax niger,Microcarbo niger,24690
52253,Phalacrocorax pygmeus,Microcarbo pygmeus,24700
52256,Nannopterum harrisi,Phalacrocorax harrisi,24730
52295,Phalacrocorax bougainvillii,Leucocarbo bougainvillii,25170
52296,Phalacrocorax atriceps,Leucocarbo atriceps,25180
52304,Phalacrocorax carunculatus,Leucocarbo carunculatus,25270
52305,Phalacrocorax chalconotus,Leucocarbo chalconotus,25280
52306,Phalacrocorax onslowi,Leucocarbo onslowi,25300
52307,Phalacrocorax campbelli,Leucocarbo campbelli,25310
52308,Phalacrocorax colensoi,Leucocarbo colensoi,25320
52309,Phalacrocorax ranfurlyi,Leucocarbo ranfurlyi,25330
52396,Pernis ptilorhyncus,Pernis ptilorhynchus,26270
52456,Gyps rueppellii,Gyps rueppelli,26860
52469,Torgos tracheliotus,Torgos tracheliotos,27010
52511,Dryotriorchis spectabilis,Circaetus spectabilis,27430
52556,Harpyhaliaetus coronatus,Stephanoaetus coronatus,27890
52566,Ictinaetus malayensis,Ictinaetus malaiensis,27990
52570,Aquila pomarina,Clanga pomarina,28030
52571,Aquila hastata,Clanga hastata,28040
112,Aquila clanga,Clanga clanga,28050
52573,Aquila wahlbergi,Hieraaetus wahlbergi,28080
1589,Aquila pennata,Hieraaetus pennatus,28090
52599,Aquila africanus,Aquila africana,28350
52599,Spizaetus africanus,Aquila africana,28350
52600,Aquila fasciatus,Aquila fasciata,28360
52603,Hieraaetus spilogaster,Aquila spilogaster,28390
52614,Melierax gabar,Micronisus gabar,28510
52862,Ichthyophaga humilis,Haliaeetus humilis,31110
52865,Ichthyophaga ichthyaetus,Haliaeetus ichthyaetus,31140
52895,Leucopternis plumbeus,Cryptoleucopteryx plumbea,31440
52897,Leucopternis schistaceus,Buteogallus schistaceus,31460
52907,Leucopternis lacernulatus,Buteogallus lacernulatus,31560
52911,Harpyhaliaetus solitarius,Buteogallus solitarius,31600
52914,Harpyhaliaetus coronatus,Buteogallus coronatus,31630
52916,Leucopternis princeps,Morphnarchus princeps,31650
52918,Buteo magnirostris,Rupornis magnirostris,31670
52934,Buteo leucorrhous,Parabuteo leucorrhous,31840
52936,Buteo albicaudatus,Geranoaetus albicaudatus,31860
52940,Buteo polyosoma,Geranoaetus polyosoma,31900
52949,Leucopternis polionotus,Pseudastur polionotus,31990
52950,Leucopternis albicollis,Pseudastur albicollis,32000
52955,Leucopternis occidentalis,Pseudastur occidentalis,32050
53250,Eupodotis coerulescens,Eupodotis caerulescens,33230
53254,Eupodotis rueppellii,Eupodotis rueppelii,33270
53259,Eupodotis savilei,Lophotis savilei,33320
53260,Eupodotis gindiana,Lophotis gindiana,33330
53261,Eupodotis ruficrista,Lophotis ruficrista,33340
53263,Eupodotis afra,Afrotis afra,33360
53264,Eupodotis afraoides,Afrotis afraoides,33370
53269,Eupodotis melanogaster,Lissotis melanogaster,33420
53272,Eupodotis hartlaubii,Lissotis hartlaubii,33450
53360,Rallina rubra,Rallicula rubra,34330
53364,Rallina leucospila,Rallicula leucospila,34360
53365,Rallina forbesi,Rallicula forbesi,34370
53370,Rallina mayri,Rallicula mayri,34400
53390,Anurolimnas viridis,Laterallus viridis,34600
53393,Anurolimnas fasciatus,Laterallus fasciatus,34630
53410,Laterallus spilonotus,Laterallus spilonota,34800
53464,Cabalus modestus,Gallirallus modestus,35320
53538,Aphanapteryx leguati,Erythromachus leguati,36070
53540,Crecopsis egregia,Crex egregia,36090
53548,Atlantisia podarces,Aphanocrex podarces,36180
53600,Amaurornis bicolor,Porzana bicolor,36680
139,Zapornia parva,Porzana parva,36690
140,Zapornia pusilla,Porzana pusilla,36700
53636,Porzana marginalis,Aenigmatolimnas marginalis,37040
144,Porphyrio martinicus,Porphyrio martinica,37610
53712,Gallinula angulata,Paragallinula angulata,37870
53713,Gallinula melanops,Porphyriops melanops,37890
53718,Gallinula ventralis,Tribonyx ventralis,37940
53719,Gallinula mortierii,Tribonyx mortierii,37950
53722,Fulica newtoni,Fulica newtonii,37980
53760,Grus leucogeranus,Leucogeranus leucogeranus,38380
148,Grus canadensis,Antigone canadensis,38400
53767,Grus vipio,Antigone vipio,38460
1710,Grus antigone,Antigone antigone,38470
53771,Grus rubicunda,Antigone rubicunda,38510
53774,Bugeranus carunculatus,Grus carunculata,38530
53773,Anthropoides paradiseus,Grus paradisea,38540
53772,Anthropoides virgo,Grus virgo,38550
53792,Turnix sylvatica,Turnix sylvaticus,38710
53818,Turnix hottentottus,Turnix nanus,38970
53818,Turnix nana,Turnix nanus,38970
53883,Esacus giganteus,Esacus magnirostris,39620
53886,Chionis alba,Chionis albus,39650
1147,Hoplopterus spinosus,Vanellus spinosus,40250
53946,Vanellus malarbaricus,Vanellus malabaricus,40300
53963,Hoplopterus indicus,Vanellus indicus,40460
53982,Charadrius australis,Peltohyas australis,40670
163,Anarhynchus alexandrinus,Charadrius alexandrinus,41170
1255,Anarhynchus mongolus,Charadrius mongolus,41370
164,Anarhynchus leschenaultii,Charadrius leschenaultii,41430
165,Anarhynchus asiaticus,Charadrius asiaticus,41480
166,Eudromias morinellus,Charadrius morinellus,41500
54052,Thinornis rubricollis,Thinornis cucullatus,41540
54063,Vanellus cayanus,Hoploxypterus cayanus,41650
54072,Rostratula semicollaris,Nycticryphes semicollaris,41740
54221,Aphriza virgata,Calidris virgata,42690
190,Philomachus pugnax,Calidris pugnax,42700
187,Limicola falcinellus,Calidris falcinellus,42710
188,Micropalama himantopus,Calidris himantopus,42750
54248,Eurynorhynchus pygmeus,Calidris pygmea,42790
189,Tryngites subruficollis,Calidris subruficollis,43060
218,Steganopus tricolor,Phalaropus tricolor,43740
54205,Heteroscelus incanus,Tringa incana,43860
1040,Heteroscelus brevipes,Tringa brevipes,43870
54206,Catoptrophorus semipalmatus,Tringa semipalmata,43890
54318,Procelsterna cerulea,Anous ceruleus,44740
54324,Procelsterna albivitta,Anous albivittus,44800
54339,Rhynchops flavirostris,Rynchops flavirostris,44950
233,Larus genei,Chroicocephalus genei,45090
231,Larus philadelphia,Chroicocephalus philadelphia,45100
54351,Larus novaehollandiae,Chroicocephalus novaehollandiae,45110
54355,Larus bulleri,Chroicocephalus bulleri,45150
54356,Larus serranus,Chroicocephalus serranus,45160
54357,Larus brunnicephalus,Chroicocephalus brunnicephalus,45170
54358,Larus maculipennis,Chroicocephalus maculipennis,45180
232,Larus ridibundus,Chroicocephalus ridibundus,45190
1043,Larus cirrocephalus,Chroicocephalus cirrocephalus,45200
54361,Larus hartlaubii,Chroicocephalus hartlaubii,45230
54362,Larus saundersi,Chroicocephalus saundersi,45240
229,Larus minutus,Hydrocoloeus minutus,45270
241,Hydrocoloeus roseus,Rhodostethia rosea,45290
54367,Larus fuliginosus,Leucophaeus fuliginosus,45320
227,Larus atricilla,Leucophaeus atricilla,45330
228,Larus pipixcan,Leucophaeus pipixcan,45360
54370,Larus modestus,Leucophaeus modestus,45370
54372,Larus relictus,Ichthyaetus relictus,45390
1423,Larus audouinii,Ichthyaetus audouinii,45400
226,Larus melanocephalus,Ichthyaetus melanocephalus,45410
225,Larus ichthyaetus,Ichthyaetus ichthyaetus,45420
54373,Larus leucophthalmus,Ichthyaetus leucophthalmus,45430
1042,Larus hemprichii,Ichthyaetus hemprichii,45440
244,Sterna nilotica,Gelochelidon nilotica,46170
245,Hydropogne caspia,Hydroprogne caspia,46250
245,Sterna caspia,Hydroprogne caspia,46250
246,Sterna maxima,Thalasseus maximus,46270
54430,Sterna bergii,Thalasseus bergii,46300
247,Sterna bengalensis,Thalasseus bengalensis,46350
54439,Sterna bernsteini,Thalasseus bernsteini,46390
248,Sterna sandvicensis,Thalasseus sandvicensis,46400
1732,Sterna acuflavida,Thalasseus acuflavidus,46420
1044,Sterna elegans,Thalasseus elegans,46450
256,Sterna albifrons,Sternula albifrons,46470
54446,Sterna saundersi,Sternula saundersi,46520
54447,Sterna antillarum,Sternula antillarum,46530
54451,Sterna superciliaris,Sternula superciliaris,46570
54452,Sterna lorata,Sternula lorata,46580
54453,Sterna nereis,Sternula nereis,46590
54457,Sterna balaenarum,Sternula balaenarum,46630
252,Sterna aleutica,Onychoprion aleuticus,46650
54459,Sterna lunata,Onychoprion lunatus,46660
254,Sterna anaethetus,Onychoprion anaethetus,46670
255,Onychoprion fuscata,Onychoprion fuscatus,46720
255,Sterna fuscata,Onychoprion fuscatus,46720
1045,Sterna represa,Sterna repressa,46980
54500,Sterna albostriata,Chlidonias albostriatus,47150
224,Catharacta skua,Stercorarius skua,47380
54691,Aplopelia larvata,Columba larvata,49350
54754,Nesoenas picturata,Nesoenas picturatus,49980
54760,Alectroenas rodericana,Nesoenas rodericanus,50040
54760,Nesoenas rodericana,Nesoenas rodericanus,50040
100002,Streptopelia risoria,Streptopelia roseogrisea,50280
54805,Stigmatopelia chinensis,Spilopelia chinensis,50530
54805,Streptopelia chinensis,Spilopelia chinensis,50530
1048,Stigmatopelia senegalensis,Spilopelia senegalensis,50590
1048,Streptopelia senegalensis,Spilopelia senegalensis,50590
54875,Reinwardtoena reinwardtii,Reinwardtoena reinwardti,51270
54925,Geophaps lophotes,Ocyphaps lophotes,51780
55115,Geotrygon veraguensis,Leptotrygon veraguensis,52930
55099,Leptotila cassini,Leptotila cassinii,53300
55107,Geotrygon carrikeri,Zentrygon carrikeri,53370
55108,Geotrygon costaricensis,Zentrygon costaricensis,53380
55106,Geotrygon lawrencii,Zentrygon lawrencii,53390
55120,Geotrygon albifacies,Zentrygon albifacies,53400
55123,Geotrygon frenata,Zentrygon frenata,53410
55122,Geotrygon linearis,Zentrygon linearis,53460
55121,Geotrygon chiriquensis,Zentrygon chiriquensis,53490
55109,Geotrygon goldmani,Zentrygon goldmani,53500
55165,Gallicolumba hoedtii,Alopecoenas hoedtii,54130
55166,Gallicolumba jobiensis,Alopecoenas jobiensis,54140
55169,Gallicolumba kubaryi,Alopecoenas kubaryi,54170
55170,Gallicolumba erythroptera,Alopecoenas erythropterus,54180
55173,Gallicolumba xanthonura,Alopecoenas xanthonurus,54210
55187,Gallicolumba norfolciensis,Alopecoenas norfolkensis,54220
55174,Gallicolumba stairi,Alopecoenas stairi,54230
55175,Gallicolumba sanctaecrucis,Alopecoenas sanctaecrucis,54240
55176,Gallicolumba ferruginea,Alopecoenas ferrugineus,54250
55177,Gallicolumba salamonis,Alopecoenas salamonis,54260
55178,Gallicolumba rubescens,Alopecoenas rubescens,54270
55179,Gallicolumba beccarii,Alopecoenas beccarii,54280
55186,Gallicolumba canifrons,Alopecoenas canifrons,54360
55284,Treron calva,Treron calvus,55310
55409,Ptilinopus greyii,Ptilinopus greyi,56540
55469,Ptilinopus naina,Ptilinopus nainus,57110
55469,Ptilinopus nanus,Ptilinopus nainus,57110
55481,Alectroenas nitidissima,Alectroenas nitidissimus,57210
55486,Alectroenas pulcherrima,Alectroenas pulcherrimus,57260
56646,Tauraco schuetti,Tauraco schuettii,58510
56732,Centropus chlororhynchus,Centropus chlororhynchos,59360
56798,Carpococcyx radiatus,Carpococcyx radiceus,60040
56819,Phaenicophaeus chlorophaeus,Rhinortha chlorophaea,60250
56826,Phaenicophaeus leschenaultii,Taccocua leschenaultii,60320
56831,Phaenicophaeus javanicus,Zanclostomus javanicus,60370
56835,Phaenicophaeus calyorhynchus,Rhamphococcyx calyorhynchus,60410
56857,Phaenicophaeus superciliosus,Dasylophus superciliosus,60630
56860,Phaenicophaeus cumingi,Dasylophus cumingi,60660
277,Coccyzus erythrophthalmus,Coccyzus erythropthalmus,61040
56937,Eudynamys taitensis,Urodynamis taitensis,61450
56952,Rhamphomantis megarhynchus,Chrysococcyx megarhynchus,61600
56961,Chrysococcyx meyeri,Chrysococcyx meyerii,61690
56975,Cuculus pallidus,Cacomantis pallidus,61840
56976,Caliechthrus leucolophus,Cacomantis leucolophus,61850
57010,Cacomantis heinrichi,Cacomantis aeruginosus,62180
57033,Cuculus vagans,Hierococcyx vagans,62410
57036,Cuculus varius,Hierococcyx varius,62440
57266,Otus flammeolus,Psiloscops flammeolus,64770
57344,Otus podarginus,Pyrroglaux podargina,65530
57346,Gymnoglaux lawrencii,Margarobyas lawrencii,65550
282,Bubo scandiaca,Bubo scandiacus,65610
282,Nyctea scandiaca,Bubo scandiacus,65610
57413,Ketupa blakistoni,Bubo blakistoni,66240
57593,Glaucidium nanum,Glaucidium nana,67990
57617,Glaucidium castanonotum,Glaucidium castanotum,68220
57755,Ninox spilonota,Ninox spilonotus,69530
57912,Eurostopodus temminckii,Lyncornis temminckii,71090
57913,Eurostopodus macrotis,Lyncornis macrotis,71100
57920,Caprimulgus enarratus,Gactornis enarratus,71170
57972,Caprimulgus nigrescens,Nyctipolus nigrescens,71670
57973,Caprimulgus hirundinaceus,Nyctipolus hirundinaceus,71680
57986,Caprimulgus anthonyi,Nyctidromus anthonyi,71800
57988,Caprimulgus heterurus,Setopagis heterura,71820
57988,Setopagis heterurus,Setopagis heterura,71820
57989,Caprimulgus parvulus,Setopagis parvula,71830
57989,Setopagis parvulus,Setopagis parvula,71830
57990,Caprimulgus whitelyi,Setopagis whitelyi,71840
57991,Caprimulgus maculosus,Setopagis maculosa,71850
57991,Setopagis maculosus,Setopagis maculosa,71850
57996,Caprimulgus longirostris,Systellura longirostris,71900
58015,Caprimulgus cayennensis,Hydropsalis cayennensis,72090
58022,Caprimulgus maculicaudus,Hydropsalis maculicaudus,72160
58057,Caprimulgus carolinensis,Antrostomus carolinensis,72510
58058,Caprimulgus rufus,Antrostomus rufus,72520
58064,Caprimulgus cubanensis,Antrostomus cubanensis,72570
58067,Caprimulgus ekmani,Antrostomus ekmani,72600
58068,Caprimulgus salvini,Antrostomus salvini,72610
58069,Caprimulgus badius,Antrostomus badius,72620
58070,Caprimulgus sericocaudatus,Antrostomus sericocaudatus,72630
58073,Caprimulgus ridgwayi,Antrostomus ridgwayi,72660
58076,Caprimulgus vociferus,Antrostomus vociferus,72690
58077,Caprimulgus arizonae,Antrostomus arizonae,72700
58083,Caprimulgus noctitherus,Antrostomus noctitherus,72760
58084,Caprimulgus saturatus,Antrostomus saturatus,72770
58086,Caprimulgus binotatus,Veles binotatus,72790
58192,Macrodipteryx longipennis,Caprimulgus longipennis,73850
58193,Macrodipteryx vexillarius,Caprimulgus vexillarius,73860
58313,Collocalia elaphra,Aerodramus elaphrus,75070
58314,Collocalia francica,Aerodramus francicus,75080
58315,Collocalia unicolor,Aerodramus unicolor,75090
58316,Collocalia mearnsi,Aerodramus mearnsi,75100
58320,Collocalia hirundinacea,Aerodramus hirundinaceus,75140
58343,Collocalia vulcanorum,Aerodramus vulcanorum,75360
58344,Collocalia whiteheadi,Aerodramus whiteheadi,75370
58347,Collocalia nuditarsus,Aerodramus nuditarsus,75400
58348,Collocalia orientalis,Aerodramus orientalis,75410
58351,Collocalia salangana,Aerodramus salangana,75440
58371,Collocalia pelewensis,Aerodramus pelewensis,75650
58372,Collocalia bartschi,Aerodramus bartschi,75660
58373,Collocalia inquieta,Aerodramus inquietus,75670
58377,Collocalia leucophaea,Aerodramus leucophaeus,75710
58378,Collocalia sawtelli,Aerodramus sawtelli,75720
58379,Collocalia ocista,Aerodramus ocistus,75730
58382,Collocalia maxima,Aerodramus maximus,75760
58386,Collocalia fuciphaga,Aerodramus fuciphagus,75800
58393,Collocalia germani,Aerodramus germani,75870
58396,Collocalia papuensis,Aerodramus papuensis,75900
298,Apus melba,Tachymarptis melba,77050
58669,Phaethornis aethopyga,Phaethornis aethopygus,78710
58927,Damophila julie,Juliamyia julie,81260
59054,Amazilia saucerrottei,Amazilia saucerottei,82540
59134,Hylocharis xantusii,Basilinna xantusii,83330
59135,Hylocharis leucotis,Basilinna leucotis,83340
59282,Sephanoides sephanoides,Sephanoides sephaniodes,84820
59326,Eriocnemis alinae,Eriocnemis aline,85270
59364,Sappho sparganura,Sappho sparganurus,85690
59429,Aglaiocercus kingi,Aglaiocercus kingii,86330
59546,Stellula calliope,Selasphorus calliope,87490
59744,Coracias naevia,Coracias naevius,89440
59758,Coracias abyssinica,Coracias abyssinicus,89560
59787,Brachypteracias squamiger,Geobiastes squamiger,89860
59963,Todirhamphus chloris,Todiramphus chloris,91600
60020,Todiramphus saurophaga,Todiramphus saurophagus,92210
60059,Ceyx lecontei,Ispidina lecontei,92570
60060,Ceyx pictus,Ispidina picta,92600
60065,Ceyx madagascariensis,Corythornis madagascariensis,92650
60068,Alcedo leucogaster,Corythornis leucogaster,92680
60072,Alcedo cristata,Corythornis cristatus,92720
60078,Alcedo vintsioides,Corythornis vintsioides,92780
60131,Alcedo cyanopectus,Ceyx cyanopectus,93340
60134,Alcedo argentata,Ceyx argentatus,93370
60137,Alcedo azurea,Ceyx azureus,93390
60144,Alcedo websteri,Ceyx websteri,93460
60145,Alcedo pusilla,Ceyx pusillus,93470
60382,Tockus bradfieldi,Lophoceros bradfieldi,95970
60378,Tockus alboterminatus,Lophoceros alboterminatus,95980
60383,Tockus fasciatus,Lophoceros fasciatus,95990
60386,Tockus hemprichii,Lophoceros hemprichii,96020
60390,Tockus nasutus,Lophoceros nasutus,96030
60408,Tockus camurus,Lophoceros camurus,96060
60387,Tockus pallidirostris,Lophoceros pallidirostris,96070
60478,Ceratogymna fistulator,Bycanistes fistulator,96110
60482,Ceratogymna bucinator,Bycanistes bucinator,96150
60484,Ceratogymna albotibialis,Bycanistes albotibialis,96170
60485,Ceratogymna subcylindricus,Bycanistes subcylindricus,96180
60488,Ceratogymna brevis,Bycanistes brevis,96210
60405,Tockus hartlaubi,Horizocerus hartlaubi,96260
60410,Tropicranus albocristatus,Horizocerus albocristatus,96290
60454,Aceros comatus,Berenicornis comatus,96340
60464,Aceros plicatus,Rhyticeros plicatus,96660
60471,Aceros narcondami,Rhyticeros narcondami,96670
60473,Aceros undulatus,Rhyticeros undulatus,96680
60476,Aceros everetti,Rhyticeros everetti,96690
60472,Aceros subruficollis,Rhyticeros subruficollis,96700
60457,Aceros cassidix,Rhyticeros cassidix,96710
60461,Aceros waldeni,Rhabdotorrhinus waldeni,96730
60462,Aceros leucocephalus,Rhabdotorrhinus leucocephalus,96740
60439,Penelopides exarhatus,Rhabdotorrhinus exarhatus,96750
60458,Aceros corrugatus,Rhabdotorrhinus corrugatus,96780
60810,Megalaima virens,Psilopogon virens,100030
60817,Megalaima lagrandieri,Psilopogon lagrandieri,100100
60820,Megalaima zeylanica,Psilopogon zeylanicus,100130
60824,Megalaima lineata,Psilopogon lineatus,100170
60827,Megalaima viridis,Psilopogon viridis,100200
60828,Megalaima faiostricta,Psilopogon faiostrictus,100210
60831,Megalaima corvina,Psilopogon corvinus,100240
60832,Megalaima chrysopogon,Psilopogon chrysopogon,100250
60836,Megalaima rafflesii,Psilopogon rafflesii,100290
60837,Megalaima mystacophanos,Psilopogon mystacophanos,100300
60840,Megalaima javensis,Psilopogon javensis,100330
60841,Megalaima flavifrons,Psilopogon flavifrons,100340
60842,Megalaima franklinii,Psilopogon franklinii,100350
60848,Megalaima oorti,Psilopogon oorti,100410
60849,Megalaima annamensis,Psilopogon annamensis,100420
60850,Megalaima faber,Psilopogon faber,100430
60853,Megalaima nuchalis,Psilopogon nuchalis,100460
60854,Megalaima asiatica,Psilopogon asiaticus,100470
60858,Megalaima monticola,Psilopogon monticola,100510
60859,Megalaima incognita,Psilopogon incognitus,100520
60863,Megalaima henricii,Psilopogon henricii,100560
60866,Megalaima armillaris,Psilopogon armillaris,100590
60869,Megalaima pulcherrima,Psilopogon pulcherrimus,100620
60878,Megalaima eximia,Psilopogon eximius,100710
60881,Megalaima rubricapillus,Psilopogon rubricapillus,100740
60882,Megalaima malabarica,Psilopogon malabaricus,100750
60883,Megalaima haemacephala,Psilopogon haemacephalus,100760
60894,Calorhamphus fuliginosus,Caloramphus fuliginosus,100870
60938,Pogoniulus coryphaeus,Pogoniulus coryphaea,101310
61372,Dendrocopos temminckii,Yungipicus temminckii,105140
61385,Dendrocopos nanus,Yungipicus nanus,105150
61401,Dendrocopos canicapillus,Yungipicus canicapillus,105200
61373,Dendrocopos maculatus,Yungipicus maculatus,105320
61379,Dendrocopos ramsayi,Yungipicus ramsayi,105360
61382,Dendrocopos moluccensis,Yungipicus moluccensis,105370
61390,Dendrocopos kizuki,Yungipicus kizuki,105400
61557,Dendrocopos tridactylus,Picoides tridactylus,105520
61446,Dendrocopos dorae,Dendrocoptes dorae,105670
61440,Dendrocopos auriceps,Dendrocoptes auriceps,105680
61457,Dendrocopos medius,Dendrocoptes medius,105710
61443,Dendrocopos mahrattensis,Leiopicus mahrattensis,105770
61338,Dendropicos namaquus,Chloropicus namaquus,105810
61338,Thripias namaquus,Chloropicus namaquus,105810
61342,Dendropicos xantholophus,Chloropicus xantholophus,105850
61342,Thripias xantholophus,Chloropicus xantholophus,105850
61343,Dendropicos pyrrhogaster,Chloropicus pyrrhogaster,105860
61343,Thripias pyrrhogaster,Chloropicus pyrrhogaster,105860
61344,Mesopicos elliotii,Dendropicos elliotii,106060
61357,Mesopicos griseocephalus,Dendropicos griseocephalus,106190
61361,Dendrocopos obsoletus,Dendropicos obsoletus,106230
61361,Picoides obsoletus,Dendropicos obsoletus,106230
61519,Picoides nuttallii,Dryobates nuttallii,106290
61509,Picoides scalaris,Dryobates scalaris,106300
61520,Picoides pubescens,Dryobates pubescens,106400
61447,Dendrocopos cathpharius,Dryobates cathpharius,106480
311,Dendrocopos minor,Dryobates minor,106550
61547,Picoides borealis,Leuconotopicus borealis,107150
61551,Picoides fumigatus,Leuconotopicus fumigatus,107160
61543,Picoides arizonae,Leuconotopicus arizonae,107220
61546,Picoides stricklandi,Leuconotopicus stricklandi,107250
61528,Picoides villosus,Leuconotopicus villosus,107260
61548,Picoides albolarvatus,Leuconotopicus albolarvatus,107440
61928,Sapheopipo noguchii,Dendrocopos noguchii,108000
61748,Dryocopus galeatus,Celeus galeatus,109430
61749,Dryocopus schulzi,Dryocopus schulzii,109450
61806,Picus mineaceus,Chrysophlegma miniaceum,110030
61811,Picus mentalis,Chrysophlegma mentale,110080
61814,Picus flavinucha,Chrysophlegma flavinucha,110110
61942,Celeus brachyurus,Micropternus brachyurus,111300
53111,Falco araea,Falco araeus,112460
55634,Cacatua roseicapilla,Eolophus roseicapilla,113960
55630,Cacatua leadbeateri,Lophochroa leadbeateri,114010
56277,Aratinga nana,Eupsittula nana,117540
56281,Aratinga canicularis,Eupsittula canicularis,117580
56285,Aratinga aurea,Eupsittula aurea,117620
56286,Aratinga pertinax,Eupsittula pertinax,117630
56301,Aratinga cactorum,Eupsittula cactorum,117780
1737,Nandayus nendai,Aratinga nenday,117870
1737,Nandayus nenday,Aratinga nenday,117870
1420,Orthopsittaca manilata,Orthopsittaca manilatus,117970
56220,Ara severa,Ara severus,118180
1663,Aratinga acuticaudata,Thectocercus acuticaudatus,118310
1736,Aratinga holochlora,Psittacara holochlorus,118380
56248,Aratinga brevipes,Psittacara brevipes,118410
56249,Aratinga rubritorquis,Psittacara rubritorquis,118420
56250,Aratinga strenua,Psittacara strenuus,118430
56251,Aratinga wagleri,Psittacara wagleri,118440
56256,Aratinga mitrata,Psittacara mitratus,118500
56260,Aratinga erythrogenys,Psittacara erythrogenys,118540
56261,Aratinga finschi,Psittacara finschi,118550
56262,Aratinga leucophthalma,Psittacara leucophthalmus,118560
56262,Aratinga leucophthalmus,Psittacara leucophthalmus,118560
56266,Aratinga euops,Psittacara euops,118600
56267,Aratinga chloroptera,Psittacara chloropterus,118610
56168,Mascarinus mascarin,Mascarinus mascarinus,118670
56117,Psittacula calthropae,Psittacula calthrapae,120320
56109,Lophopsittacus bensoni,Psittacula bensoni,120500
55944,Psephotus varius,Psephotellus varius,120780
55945,Psephotus dissimilis,Psephotellus dissimilis,120790
55946,Psephotus chrysopterygius,Psephotellus chrysopterygius,120800
55947,Psephotus pulcherrimus,Psephotellus pulcherrimus,120810
55853,Charmosyna aureicincta,Charmosyna amabilis,121840
55834,Glossopsitta pusilla,Parvipsitta pusilla,122100
55835,Glossopsitta porphyrocephala,Parvipsitta porphyrocephala,122110
55739,Chalcopsitta sintillata,Chalcopsitta scintillata,122380
55743,Chalcopsitta cardinalis,Pseudeos cardinalis,122440
56138,Necropsittacus rodericanus,Necropsittacus rodricanus,123910
61987,Xenicus lyalli,Traversia lyalli,124050
62044,Eurylaimus steerii,Sarcophanops steerii,124660
62045,Eurylaimus samarensis,Sarcophanops samarensis,124670
62064,Pitta phayrei,Hydrornis phayrei,124830
62065,Pitta nipalensis,Hydrornis nipalensis,124840
62068,Pitta soror,Hydrornis soror,124870
62074,Pitta oatesi,Hydrornis oatesi,124930
62079,Pitta schneideri,Hydrornis schneideri,124980
62080,Pitta caerulea,Hydrornis caeruleus,124990
62083,Pitta baudii,Hydrornis baudii,125020
62084,Pitta cyanea,Hydrornis cyaneus,125030
62088,Pitta elliotii,Hydrornis elliotii,125070
62089,Pitta guajana,Hydrornis guajanus,125080
62090,Pitta irena,Hydrornis irena,125090
62093,Pitta schwaneri,Hydrornis schwaneri,125100
62094,Pitta gurneyi,Hydrornis gurneyi,125110
62096,Pitta kochi,Erythropitta kochi,125130
62123,Pitta dohertyi,Erythropitta dohertyi,125190
62124,Pitta arcuata,Erythropitta arquata,125420
62125,Pitta granatina,Erythropitta granatina,125430
62128,Pitta venusta,Erythropitta venusta,125460
62129,Pitta ussheri,Erythropitta ussheri,125470
62221,Ochetorhynchus melanura,Ochetorhynchus melanurus,126380
62306,Sylviorthorhynchus desmursii,Sylviorthorhynchus desmurii,127220
62454,Synallaxis whitneyi,Synallaxis cinerea,128640
62977,Dendrocincla suliginosa,Dendrocincla fuliginosa,133780
63018,Certhiasomus stictolaemus,Deconychura stictolaema,134190
63283,Drymotoxeres pucherani,Drymotoxeres pucheranii,136720
63366,Sakesphorus bernardi,Thamnophilus bernardi,137500
63371,Sakesphorus melanonotus,Thamnophilus melanonotus,137530
63372,Sakesphorus melanothorax,Thamnophilus melanothorax,137540
63566,Myrmotherula gutturalis,Epinecrophylla gutturalis,139320
63590,Myrmotherula hauxwelli,Isleria hauxwelli,139570
63595,Myrmotherula guttata,Isleria guttata,139620
63663,Myrmotherula gularis,Rhopias gularis,140310
63751,Terenura callinota,Euchrepomis callinota,141220
63756,Terenura humeralis,Euchrepomis humeralis,141270
63759,Terenura sharpei,Euchrepomis sharpei,141280
63760,Terenura spodioptila,Euchrepomis spodioptila,141290
64187,Grallaria fenwickorum,Grallaria urraoensis,145390
64371,Scytalopus opaca,Scytalopus opacus,147300
64568,Suiriri islerorum,Suiriri affinis,149200
64611,Anairetes agilis,Uromyias agilis,149610
64612,Anairetes agraphia,Uromyias agraphia,149620
64724,Phylloscartes poecilotis,Pogonotriccus poecilotis,150650
64727,Phylloscartes chapmani,Pogonotriccus chapmani,150660
64730,Phylloscartes ophthalmicus,Pogonotriccus ophthalmicus,150690
64734,Phylloscartes orbitalis,Pogonotriccus orbitalis,150730
64735,Phylloscartes venezuelanus,Pogonotriccus venezuelanus,150740
64736,Phylloscartes lanyoni,Pogonotriccus lanyoni,150750
64737,Phylloscartes eximius,Pogonotriccus eximius,150760
65406,Xolmis dominicanus,Heteroxolmis dominicana,157150
65452,Ochthoeca pulchella,Silvicultrix pulchella,157610
65455,Ochthoeca diadema,Silvicultrix diadema,157640
65463,Ochthoeca jelskii,Silvicultrix jelskii,157700
65516,Phelpsia inornatus,Phelpsia inornata,158230
65551,Pitangus lictor,Philohydor lictor,158580
65596,Empidonomus aurantioatrocristatus,Griseotyrannus aurantioatrocristatus,159030
65990,Xenopipo flavicapilla,Chloropipo flavicapilla,162070
65991,Xenopipo unicolor,Chloropipo unicolor,162080
65985,Xenopipo holochlora,Cryptopipo holochlora,162430
66016,Dixiphia pipra,Pseudopipra pipra,163280
66016,Pipra pipra,Pseudopipra pipra,163280
66030,Dixiphia cornuta,Ceratopipra cornuta,163430
66030,Pipra cornuta,Ceratopipra cornuta,163430
66031,Dixiphia mentalis,Ceratopipra mentalis,163440
66031,Pipra mentalis,Ceratopipra mentalis,163440
66035,Dixiphia chloromeros,Ceratopipra chloromeros,163480
66035,Pipra chloromeros,Ceratopipra chloromeros,163480
66036,Dixiphia erythrocephala,Ceratopipra erythrocephala,163490
66036,Pipra erythrocephala,Ceratopipra erythrocephala,163490
66040,Dixiphia rubrocapilla,Ceratopipra rubrocapilla,163520
66040,Pipra rubrocapilla,Ceratopipra rubrocapilla,163520
66426,Certhionyx niger,Sugomel nigrum,167260
66524,Phylidonyris melanops,Gliciphila melanops,168180
66587,Certhionyx pectoralis,Cissomela pectoralis,168690
66719,Lichenostomus leucotis,Nesoptilotis leucotis,169950
66723,Lichenostomus flavicollis,Nesoptilotis flavicollis,169990
66781,Xanthomyza phrygia,Anthochaera phrygia,170550
66783,Lichenostomus frenatus,Bolemoreus frenatus,170570
66784,Lichenostomus hindwoodi,Bolemoreus hindwoodi,170580
66786,Lichenostomus chrysops,Caligavis chrysops,170600
66790,Lichenostomus subfrenatus,Caligavis subfrenata,170640
66795,Lichenostomus obscurus,Caligavis obscura,170650
66821,Melidectes sclateri,Meliarchus sclateri,170890
66852,Phylidonyris albifrons,Purnella albifrons,171140
66854,Lichenostomus unicolor,Stomiopera unicolor,171160
66855,Lichenostomus flavus,Stomiopera flava,171170
66859,Lichenostomus versicolor,Gavicalis versicolor,171210
66864,Lichenostomus fasciogularis,Gavicalis fasciogularis,171240
66865,Lichenostomus virescens,Gavicalis virescens,171250
66871,Lichenostomus flavescens,Ptilotula flavescens,171310
66875,Lichenostomus fuscus,Ptilotula fusca,171340
66878,Lichenostomus keartlandi,Ptilotula keartlandi,171370
66879,Lichenostomus plumulus,Ptilotula plumula,171380
66883,Lichenostomus ornatus,Ptilotula ornata,171420
66884,Lichenostomus penicillatus,Ptilotula penicillata,171430
66957,Phylidonyris undulatus,Glycifohia undulata,171980
66958,Phylidonyris notabilis,Glycifohia notabilis,171990
67000,Hylacola pyrrhopygia,Calamanthus pyrrhopygius,172490
67004,Hylacola cauta,Calamanthus cautus,172530
67025,Chthonicola sagittatus,Pyrrholaemus sagittatus,172740
67175,Gerygone cinerea,Acanthiza cinerea,174570
67256,Pomatostomus isidorei,Garritornis isidorei,174720
67317,Melanocharis crassirostris,Rhamphocharis crassirostris,175230
67322,Toxorhamphus iliolophus,Oedistoma iliolophus,175270
67419,Bias flammulatus,Megabyas flammulatus,176190
67473,Dyaphorophyia tonsa,Platysteira tonsa,176750
67484,Dyaphorophyia concreta,Platysteira concreta,176860
67489,Dyaphorophyia blissetti,Platysteira blissetti,176910
67553,Malacanotus cruentus,Malaconotus cruentus,177560
67557,Malacanotus blanchoti,Malaconotus blanchoti,177600
67568,Malacanotus gladiator,Malaconotus gladiator,177710
67571,Telophorus kupeensis,Chlorophoneus kupeensis,177740
67572,Telophorus multicolor,Chlorophoneus multicolor,177750
67576,Telophorus nigrifrons,Chlorophoneus nigrifrons,177790
67580,Telophorus olivaceus,Chlorophoneus olivaceus,177830
67586,Telophorus bocagei,Chlorophoneus bocagei,177890
67589,Telophorus sulfureopectus,Chlorophoneus sulfureopectus,177920
67604,Rhodophoneus cruentus,Telophorus cruentus,178070
67610,Tchagra minuta,Bocagia minuta,178130
67610,Tchagra minutus,Bocagia minuta,178130
67632,Tchagra senegala,Tchagra senegalus,178350
67683,Laniarius liberatus,Laniarius nigerrimus,178870
67792,Cracticus quoyi,Melloria quoyi,180290
68186,Campephaga lobata,Lobotos lobatus,183860
68187,Campephaga oriolina,Lobotos oriolinus,183870
67253,Finschia novaeseelandiae,Mohoua novaeseelandiae,184550
68286,Pitohui cristatus,Ornorectes cristatus,184800
68302,Colluricincla sanghirensis,Coracornis sanghirensis,184930
68304,Pitohui nigrescens,Melanorectes nigrescens,184950
68320,Pachycephala grisola,Pachycephala cinerea,185100
68490,Pitohui incertus,Pseudorectes incertus,186760
68491,Pitohui ferrugineus,Pseudorectes ferrugineus,186770
68500,Colluricincla umbrina,Colluricincla tenebrosa,186850
68552,Eurocephalus rueppelli,Eurocephalus ruppelli,187260
68631,Lanius excubitorius,Lanius excubitoroides,188110
68833,Hylophilus sclateri,Vireo sclateri,189400
69019,Oriolus brachyrhynchus,Oriolus brachyrynchus,192040
69405,Tersiphone rufiventer,Terpsiphone rufiventer,195870
69517,Monarcha axillaris,Symposiachrus axillaris,196990
69520,Monarcha guttula,Symposiachrus guttula,197020
69521,Monarcha mundus,Symposiachrus mundus,197030
69522,Monarcha sacerdotum,Symposiachrus sacerdotum,197040
69523,Monarcha boanensis,Symposiachrus boanensis,197050
69535,Monarcha leucurus,Symposiachrus leucurus,197160
69536,Monarcha everetti,Symposiachrus everetti,197170
69537,Monarcha loricatus,Symposiachrus loricatus,197180
69538,Monarcha julianae,Symposiachrus julianae,197190
69539,Monarcha brehmii,Symposiachrus brehmii,197200
69540,Monarcha manadensis,Symposiachrus manadensis,197210
69541,Monarcha infelix,Symposiachrus infelix,197220
69544,Monarcha menckei,Symposiachrus menckei,197250
69545,Monarcha verticalis,Symposiachrus verticalis,197260
69548,Monarcha barbatus,Symposiachrus barbatus,197290
69551,Monarcha browni,Symposiachrus browni,197320
69556,Monarcha viduus,Symposiachrus vidua,197370
69589,Monarcha leucotis,Carterornis leucotis,197700
69594,Monarcha chrysomela,Carterornis chrysomela,197750
69621,Grallina bruijni,Grallina bruijnii,198010
69731,Cyanolyca nana,Cyanolyca nanus,199080
69894,Cyanopica cookii,Cyanopica cooki,200680
69903,Urocissa erythrorhyncha,Urocissa erythroryncha,200770
69951,Dendrocitta bayleyi,Dendrocitta bayleii,201250
453,Corvus monedula,Coloeus monedula,201830
70010,Corvus dauuricus,Coloeus dauuricus,201880
70105,Corvus riphidurus,Corvus rhipidurus,202900
70112,Corcorax melanoramphos,Corcorax melanorhamphos,202980
70125,Melampitta gigantea,Megalampitta gigantea,203090
70144,Manucodia keraudrenii,Phonygammus keraudrenii,203270
70198,Epimachus fastuosus,Epimachus fastosus,203750
70207,Epimachus albertisi,Drepanornis albertisi,203780
70211,Epimachus bruijnii,Drepanornis bruijnii,203820
70213,Cicinnurus magnificus,Diphyllodes magnificus,203840
70217,Cicinnurus respublica,Diphyllodes respublica,203880
70273,Peneothello sigillatus,Peneothello sigillata,204390
70290,Eopsaltria pulverulenta,Peneoenanthe pulverulenta,204550
70362,Eopsaltria flaviventris,Microeca flaviventris,205210
70453,Ptilogonys cinereus,Ptiliogonys cinereus,206100
70458,Ptilogonys caudatus,Ptiliogonys caudatus,206150
70484,Chelidorhynx hypoxantha,Chelidorhynx hypoxanthus,206410
70484,Rhipidura hypoxantha,Chelidorhynx hypoxanthus,206410
70605,Parus rufonuchalis,Periparus rufonuchalis,206920
70606,Parus rubidiventris,Periparus rubidiventris,206930
435,Parus ater,Periparus ater,206980
70634,Parus venustulus,Pardaliparus venustulus,207210
70634,Periparus venustulus,Pardaliparus venustulus,207210
70635,Parus elegans,Pardaliparus elegans,207220
70635,Periparus elegans,Pardaliparus elegans,207220
70645,Parus amabilis,Pardaliparus amabilis,207320
70645,Periparus amabilis,Pardaliparus amabilis,207320
434,Parus cristatus,Lophophanes cristatus,207340
70654,Parus dichrous,Lophophanes dichrous,207420
70595,Parus varius,Sittiparus varius,207670
70595,Poecile varius,Sittiparus varius,207670
70751,Parus semilarvatus,Sittiparus semilarvatus,207760
70578,Parus superciliosus,Poecile superciliosus,207810
70531,Parus lugubris,Poecile lugubris,207820
70579,Parus davidi,Poecile davidi,207880
432,Parus palustris,Poecile palustris,207890
70530,Parus hypermelaenus,Poecile hypermelaenus,208010
433,Poecile montana,Poecile montanus,208020
70553,Parus carolinensis,Poecile carolinensis,208190
70558,Parus atricapillus,Poecile atricapillus,208240
70568,Parus gambeli,Poecile gambeli,208340
70573,Parus sclateri,Poecile sclateri,208390
70580,Parus cinctus,Poecile cinctus,208440
70585,Parus hudsonicus,Poecile hudsonicus,208490
70591,Parus rufescens,Poecile rufescens,208550
70766,Parus teneriffae,Cyanistes teneriffae,208610
70774,Parus cyanus,Cyanistes cyanus,208790
70755,Parus humilis,Pseudopodoces humilis,208890
70740,Parus nuchalis,Machlolophus nuchalis,209360
70750,Parus holsti,Machlolophus holsti,209370
70741,Parus xanthogenys,Machlolophus xanthogenys,209380
70742,Parus aplonotus,Machlolophus aplonotus,209390
70745,Parus spilonotus,Machlolophus spilonotus,209420
70660,Parus guineensis,Melaniparus guineensis,209490
70661,Parus leucomelas,Melaniparus leucomelas,209500
70665,Parus niger,Melaniparus niger,209530
70664,Parus carpi,Melaniparus carpi,209570
70669,Parus albiventris,Melaniparus albiventris,209580
70670,Parus leuconotus,Melaniparus leuconotus,209590
70671,Parus funereus,Melaniparus funereus,209600
70674,Parus rufiventris,Melaniparus rufiventris,209630
70678,Parus pallidiventris,Melaniparus pallidiventris,209670
70681,Parus fringillinus,Melaniparus fringillinus,209700
70682,Parus fasciiventer,Melaniparus fasciiventer,209710
70686,Parus thruppi,Melaniparus thruppi,209750
70689,Parus griseiventris,Melaniparus griseiventris,209780
70690,Parus cinerascens,Melaniparus cinerascens,209790
70693,Parus afer,Melaniparus afer,209820
71117,Ammomanes grayi,Ammomanopsis grayi,210700
71035,Certhilauda brevirostris,Certhilauda curvirostris,210890
71069,Rhamphocoris clotbey,Ramphocoris clotbey,210990
70900,Mirafra hova,Eremopterix hova,211330
71002,Mirafra sabota,Calendulauda sabota,211550
71001,Mirafra poecilosterna,Calendulauda poecilosterna,211650
70998,Mirafra alopex,Calendulauda alopex,211660
70990,Mirafra africanoides,Calendulauda africanoides,211690
71012,Certhilauda albescens,Calendulauda albescens,211760
71021,Certhilauda burra,Calendulauda burra,211810
71016,Certhilauda erythrochlamys,Calendulauda erythrochlamys,211820
71017,Certhilauda barlowi,Calendulauda barlowi,211830
71185,Eremalauda starki,Spizocorys starki,213030
71195,Pseudalaemon fremantlii,Spizocorys fremantlii,213040
314,Melanocorypha leucoptera,Alauda leucoptera,213220
71167,Calandrella athensis,Alaudala athensis,215010
71154,Calandrella cheleensis,Alaudala cheleensis,215020
71163,Calandrella somalica,Alaudala somalica,215090
316,Calandrella rufescens,Alaudala rufescens,215130
71143,Calandrella raytal,Alaudala raytal,215230
71518,Andropadus kakamegae,Arizelocichla kakamegae,216880
71521,Andropadus montanus,Arizelocichla montana,216910
71522,Andropadus tephrolaemus,Arizelocichla tephrolaema,216920
71531,Andropadus chlorigula,Arizelocichla chlorigula,217020
71531,Chlorocichla flavicollis,Arizelocichla chlorigula,217020
71533,Andropadus olivaceiceps,Arizelocichla olivaceiceps,217050
71536,Andropadus gracilirostris,Stelgidillas gracilirostris,217080
71540,Andropadus virens,Eurillas virens,217120
71546,Andropadus gracilis,Eurillas gracilis,217180
71550,Andropadus ansorgei,Eurillas ansorgei,217220
71553,Andropadus curvirostris,Eurillas curvirostris,217250
71556,Andropadus latirostris,Eurillas latirostris,217280
71567,Calyptocichla serina,Calyptocichla serinus,217390
71587,Chlorocichla flavicollis,Atimastillas flavicollis,217590
71594,Pyrrhurus scandens,Phyllastrephus scandens,217660
71638,Bleda syndactyla,Bleda syndactylus,218130
71642,Bleda eximia,Bleda eximius,218160
71646,Bleda canicapilla,Bleda canicapillus,218200
71693,Iole indica,Acritillas indica,218670
71705,Iole virescens,Iole viridescens,218790
71716,Iole olivacea,Iole crypta,218900
71720,Ixos palawanensis,Iole palawanensis,218920
71722,Hypsipetes nicobariensis,Ixos nicobariensis,218940
71723,Hypsipetes mcclellandii,Ixos mcclellandii,218950
71734,Hypsipetes virescens,Ixos virescens,219060
71792,Ixos rufigularis,Hypsipetes rufigularis,219640
71793,Ixos siquijorensis,Hypsipetes siquijorensis,219650
71797,Ixos everetti,Hypsipetes everetti,219690
71801,Ixos amaurotis,Hypsipetes amaurotis,219730
71815,Hypsipetes thompsoni,Cerasophila thompsoni,219870
71826,Eurochelidon sirintarae,Pseudochelidon sirintarae,219930
71835,Psalidoprocne holomelas,Psalidoprocne pristoptera,220020
71897,Tachycineta meyeni,Tachycineta leucopyga,220670
71923,Pygochelidon cyanoleuca,Notiochelidon cyanoleuca,220940
1051,Hirundo rupestris,Ptyonoprogne rupestris,221750
72001,Hirundo obsoleta,Ptyonoprogne obsoleta,221760
72009,Hirundo fuligula,Ptyonoprogne fuligula,221840
72016,Hirundo concolor,Ptyonoprogne concolor,221910
325,Delichon urbica,Delichon urbicum,221950
72031,Hirundo cucullata,Cecropis cucullata,222070
72032,Hirundo abyssinica,Cecropis abyssinica,222080
72039,Hirundo semirufa,Cecropis semirufa,222150
72042,Hirundo senegalensis,Cecropis senegalensis,222180
323,Hirundo daurica,Cecropis daurica,222220
72055,Hirundo domicella,Cecropis domicella,222320
72056,Hirundo striolata,Cecropis striolata,222330
72063,Hirundo rufigula,Petrochelidon rufigula,222400
72064,Hirundo preussi,Petrochelidon preussi,222410
72065,Hirundo perdita,Petrochelidon perdita,222420
72066,Hirundo spilodera,Petrochelidon spilodera,222430
72067,Hirundo fuliginosa,Petrochelidon fuliginosa,222440
72068,Hirundo fluvicola,Petrochelidon fluvicola,222450
72069,Hirundo ariel,Petrochelidon ariel,222460
72070,Hirundo nigricans,Petrochelidon nigricans,222470
72174,Bradypterus victorini,Cryptillas victorini,223520
72197,Orthotomus cuculatus,Phyllergates cuculatus,223750
72212,Orthotomus heterolaemus,Phyllergates heterolaemus,223900
72218,Cettia seebohmi,Horornis seebohmi,223960
72219,Cettia diphone,Horornis diphone,223970
72225,Cettia canturians,Horornis borealis,224030
72226,Cettia annae,Horornis annae,224040
72227,Cettia carolinae,Horornis carolinae,224050
72228,Cettia parens,Horornis parens,224060
72229,Cettia haddeni,Horornis haddeni,224070
72230,Cettia ruficapilla,Horornis ruficapilla,224080
72235,Cettia fortipes,Horornis fortipes,224130
72240,Cettia brunnescens,Horornis brunnescens,224180
72241,Cettia acanthizoides,Horornis acanthizoides,224190
72244,Cettia vulcania,Horornis vulcanius,224220
72253,Cettia flavolivacea,Horornis flavolivaceus,224310
72280,Tesia castaneocoronata,Cettia castaneocoronata,224580
72290,Cettia pallidipes,Urosphena pallidipes,224680
72294,Hemitesia neumanni,Urosphena neumanni,224720
72528,Phylloscopus poliocephalus,Phylloscopus maforensis,227260
72677,Acrocephalus rimatarae,Acrocephalus rimitarae,228750
395,Acrocephalus aedon,Iduna aedon,229100
72703,Chloropeta natalensis,Iduna natalensis,229130
72708,Chloropeta similis,Iduna similis,229180
397,Hippolais caligata,Iduna caligata,229190
1272,Hippolais rama,Iduna rama,229200
1271,Hippolais pallida,Iduna pallida,229210
1270,Hippolais opaca,Iduna opaca,229270
72715,Chloropeta gracilirostris,Calamonastides gracilirostris,229300
72722,Bradypterus mandelli,Locustella mandelli,229440
72726,Bradypterus montis,Locustella montis,229480
72727,Bradypterus alishanensis,Locustella alishanensis,229510
72730,Bradypterus davidi,Locustella davidi,229550
72733,Bradypterus castaneus,Locustella castanea,229580
72737,Bradypterus caudatus,Locustella caudata,229620
72745,Bradypterus major,Locustella major,229700
72748,Bradypterus tacsanowskius,Locustella tacsanowskia,229730
72749,Bradypterus luteoventris,Locustella luteoventris,229740
72766,Bradypterus seebohmi,Locustella seebohmi,229960
72768,Bradypterus accentor,Locustella accentor,229970
72783,Dromaeocercus brunneus,Bradypterus brunneus,230130
72812,Bradypterus palliseri,Elaphrornis palliseri,230430
72823,Cincloramphus mathewsi,Megalurus mathewsi,230540
72824,Cincloramphus cruralis,Megalurus cruralis,230550
72830,Bowdleria punctata,Megalurus punctatus,230610
72836,Bowdleria rufescens,Megalurus rufescens,230670
72837,Eremiornis carteri,Megalurus carteri,230680
72868,Trichocichla rufa,Megalurulus rufus,231020
72892,Neomixis flavoviridis,Hartertula flavoviridis,231260
72896,Bernieria zosterops,Xanthomixis zosterops,231300
72901,Bernieria apperti,Xanthomixis apperti,231350
72902,Bernieria tenebrosa,Xanthomixis tenebrosa,231360
72903,Bernieria cinereiceps,Xanthomixis cinereiceps,231370
73060,Cisticola dorsti,Cisticola guinea,232950
73061,Cisticola nanus,Cisticola nana,232960
73202,Prinia gracillis,Prinia gracilis,234380
73279,Prinia leucopogon,Schistolais leucopogon,235160
73282,Prinia leontica,Schistolais leontica,235190
73288,Prinia robertsi,Oreophilais robertsi,235250
73290,Heliolais erythroptera,Heliolais erythropterus,235270
73296,Urolais epichlora,Urolais epichlorus,235360
73301,Apalis pulchra,Oreolais pulcher,235410
73301,Oreolais pulchra,Oreolais pulcher,235410
73403,Spiloptila rufifrons,Urorhipis rufifrons,236430
73423,Camaroptera brevicaudita,Camaroptera brevicaudata,236640
73444,Camaroptera simplex,Calamonastes simplex,236850
73455,Camaroptera fasciolata,Calamonastes fasciolatus,236970
73646,Xiphirhynchus superciliaris,Pomatorhinus superciliaris,238880
73688,Stachyris striolata,Stachyris strialata,239290
73720,Stachyris rodolphei,Stachyridopsis rodolphei,239610
73727,Stachyris ambigua,Stachyridopsis ambigua,239680
73732,Stachyris ruficeps,Stachyridopsis ruficeps,239730
73739,Stachyris pyrrhops,Stachyridopsis pyrrhops,239800
73740,Stachyris chrysaea,Stachyridopsis chrysaea,239810
73760,Macronous gularis,Macronus gularis,240000
73775,Macronous bornensis,Macronus bornensis,240140
73784,Macronous flavicollis,Macronus flavicollis,240230
73787,Macronous kelleyi,Macronus kelleyi,240260
73788,Macronous striaticeps,Macronus striaticeps,240270
73793,Macronous ptilosus,Macronus ptilosus,240320
73164,Prinia cinerascens,Laticilla cinerascens,240490
73882,Turdinus rufipectus,Napothera rufipectus,241180
73883,Turdinus atrigularis,Napothera atrigularis,241190
73884,Turdinus macrodactylus,Napothera macrodactyla,241200
73888,Turdinus marmorata,Napothera marmorata,241240
73891,Gypsophila crispifrons,Napothera crispifrons,241270
74072,Trichastoma tickelli,Pellorneum tickelli,242960
74078,Trichastoma buettikoferi,Pellorneum buettikoferi,243020
74079,Trichastoma pyrrogenys,Pellorneum pyrrogenys,243030
74121,Turdoides fulvus,Turdoides fulva,243450
74158,Turdoides reinwardii,Turdoides reinwardtii,243800
74344,Garrulax lineatus,Trochalopteron lineatum,245540
74350,Garrulax imbricatus,Trochalopteron imbricatum,245600
74351,Garrulax virgatus,Trochalopteron virgatum,245610
74352,Garrulax austeni,Trochalopteron austeni,245620
74355,Garrulax squamatus,Trochalopteron squamatum,245650
74356,Garrulax subunicolor,Trochalopteron subunicolor,245660
74360,Garrulax elliotii,Trochalopteron elliotii,245700
74363,Garrulax henrici,Trochalopteron henrici,245710
74366,Garrulax affinis,Trochalopteron affine,245720
74373,Garrulax morrisonianus,Trochalopteron morrisonianum,245790
74374,Garrulax variegatus,Trochalopteron variegatum,245800
74378,Garrulax erythrocephalus,Trochalopteron erythrocephalum,245840
74382,Garrulax chrysopterus,Trochalopteron chrysopterum,245880
74388,Garrulax melanostigma,Trochalopteron melanostigma,245940
74394,Garrulax ngoclinhensis,Trochalopteron ngoclinhense,246000
74395,Garrulax peninsulae,Trochalopteron peninsulae,246010
74396,Garrulax yersini,Trochalopteron yersini,246020
1406,Garrulax formosus,Trochalopteron formosum,246030
74399,Garrulax milnei,Trochalopteron milnei,246060
74486,Heterophasia annectens,Heterophasia annectans,246930
74520,Illadopsis abyssinica,Pseudoalcippe abyssinica,247360
74526,Illadopsis atriceps,Pseudoalcippe atriceps,247430
1756,Sylvia moltonii,Sylvia subalpina,248080
405,Sylvia ruepelli,Sylvia ruppeli,248190
405,Sylvia rueppelli,Sylvia ruppeli,248190
74602,Sylvia subcaerulea,Sylvia subcoerulea,248320
74613,Alcippe chrysotis,Lioparus chrysotis,248430
74621,Chrysomma poecilotis,Moupinia poecilotis,248510
74623,Alcippe vinipectus,Fulvetta vinipectus,248530
74632,Alcippe striaticollis,Fulvetta striaticollis,248620
74633,Alcippe ruficapilla,Fulvetta ruficapilla,248630
74636,Alcippe danisi,Fulvetta danisi,248660
74639,Alcippe ludlowi,Fulvetta ludlowi,248690
74640,Alcippe cinereiceps,Fulvetta cinereiceps,248700
74645,Alcippe manipurensis,Fulvetta manipurensis,248750
74648,Alcippe formosana,Fulvetta formosana,248780
74671,Conostoma oemodium,Conostoma aemodium,248990
74673,Cholornis paradoxa,Cholornis paradoxus,249010
74673,Paradoxornis paradoxus,Cholornis paradoxus,249010
74676,Paradoxornis unicolor,Cholornis unicolor,249040
74678,Paradoxornis conspicillatus,Sinosuthora conspicillata,249060
74681,Paradoxornis webbianus,Sinosuthora webbiana,249090
74688,Paradoxornis alphonsianus,Sinosuthora alphonsiana,249160
74693,Paradoxornis brunneus,Sinosuthora brunnea,249210
74697,Paradoxornis zappeyi,Sinosuthora zappeyi,249250
74700,Paradoxornis przewalskii,Sinosuthora przewalskii,249280
74702,Paradoxornis fulvifrons,Suthora fulvifrons,249300
74707,Paradoxornis nipalensis,Suthora nipalensis,249350
74718,Paradoxornis verreauxi,Suthora verreauxi,249460
74724,Paradoxornis davidianus,Neosuthora davidiana,249520
74729,Paradoxornis atrosuperciliaris,Chleuasicus atrosuperciliaris,249570
74737,Paradoxornis gularis,Psittiparus gularis,249650
74744,Paradoxornis margaritae,Psittiparus margaritae,249720
74788,Stachyris whiteheadi,Zosterornis whiteheadi,250130
74791,Stachyris striata,Zosterornis striatus,250160
74792,Stachyris latistriata,Zosterornis latistriatus,250170
74793,Stachyris nigrorum,Zosterornis nigrorum,250180
74794,Stachyris hypogrammica,Zosterornis hypogrammicus,250190
74808,Stachyris plateni,Dasycrotapha plateni,250330
74809,Stachyris pygmaea,Dasycrotapha pygmaea,250340
74811,Stachyris dennistouni,Sterrhoptilus dennistouni,250360
74812,Stachyris nigrocapitata,Sterrhoptilus nigrocapitatus,250370
74816,Stachyris capitalis,Sterrhoptilus capitalis,250410
74862,Speirops brunneus,Zosterops brunneus,250850
74863,Speirops leucophoeus,Zosterops leucophaeus,250870
74864,Speirops lugubris,Zosterops lugubris,250880
74865,Speirops melanocephalus,Zosterops melanocephalus,250890
75012,Zosterops ugiensis,Zosterops rendovae,252350
75118,Zosterops chloronothus,Zosterops chloronothos,253340
75126,Modulatrix orostruthus,Arcanator orostruthus,253420
73662,Spelaeornis formosus,Elachura formosa,254050
75359,Thryothorus atrogularis,Pheugopedius atrogularis,255780
75360,Thryothorus spadix,Pheugopedius spadix,255790
75361,Thryothorus fasciatoventris,Pheugopedius fasciatoventris,255800
75365,Thryothorus euophrys,Pheugopedius euophrys,255840
75370,Thryothorus eisenmanni,Pheugopedius eisenmanni,255890
75371,Thryothorus genibarbis,Pheugopedius genibarbis,255900
75376,Thryothorus mystacalis,Pheugopedius mystacalis,255950
75385,Thryothorus coraya,Pheugopedius coraya,256040
75396,Thryothorus felix,Pheugopedius felix,256150
75403,Thryothorus maculipectus,Pheugopedius maculipectus,256220
75409,Thryothorus rutilus,Pheugopedius rutilus,256280
75417,Thryothorus sclateri,Pheugopedius sclateri,256360
75422,Thryothorus pleurostictus,Thryophilus pleurostictus,256410
75430,Thryothorus rufalbus,Thryophilus rufalbus,256490
75437,Thryothorus nicefori,Thryophilus nicefori,256560
75438,Thryothorus sinaloa,Thryophilus sinaloa,256570
75443,Thryothorus modestus,Cantorchilus modestus,256620
75447,Thryothorus leucotis,Cantorchilus leucotis,256650
75459,Thryothorus superciliaris,Cantorchilus superciliaris,256770
75462,Thryothorus guarayanus,Cantorchilus guarayanus,256800
75463,Thryothorus longirostris,Cantorchilus longirostris,256810
75466,Thryothorus griseus,Cantorchilus griseus,256840
75467,Thryothorus semibadius,Cantorchilus semibadius,256850
75468,Thryothorus nigricapillus,Cantorchilus nigricapillus,256860
75476,Thryothorus thoracicus,Cantorchilus thoracicus,256940
75477,Thryothorus leucopogon,Cantorchilus leucopogon,256950
75913,Salpornis spilonotus,Salpornis spilonota,261400
76012,Margarops fuscus,Allenia fusca,262420
76144,Saroglossa spiloptera,Saroglossa spilopterus,263720
76178,Sturnus melanopterus,Acridotheres melanopterus,264060
76182,Sturnus burmannicus,Acridotheres burmannicus,264100
76186,Sturnus sericeus,Spodiopsar sericeus,264140
76187,Sturnus cineraceus,Spodiopsar cineraceus,264150
76189,Sturnus nigricollis,Gracupica nigricollis,264170
76190,Sturnus contra,Gracupica contra,264180
1074,Sturnus sturninus,Agropsar sturninus,264250
76197,Sturnus philippensis,Agropsar philippensis,264260
1362,Sturnus sinensis,Sturnia sinensis,264280
76202,Sturnus erythropygius,Sturnia erythropygia,264320
76207,Sturnus pagodarum,Sturnia pagodarum,264370
76209,Sturnus albofrontatus,Sturnornis albofrontatus,264390
458,Sturnus roseus,Pastor roseus,264470
76235,Lamprotornis corruscus,Notopholia corrusca,264670
76239,Lamprotornis purpureiceps,Hylopsar purpureiceps,264710
76240,Lamprotornis cupreocauda,Hylopsar cupreocauda,264720
76261,Coccycolius iris,Lamprotornis iris,264910
76269,Cosmopsarus regius,Lamprotornis regius,264990
76281,Cosmopsarus unicolor,Lamprotornis unicolor,265120
76282,Spreo fischeri,Lamprotornis fischeri,265130
76283,Spreo bicolor,Lamprotornis bicolor,265140
76284,Spreo albicapillus,Lamprotornis albicapillus,265150
76288,Saroglossa aurata,Hartlaubius auratus,265190
76311,Onychognatus tristramii,Onychognathus tristramii,265420
76324,Cinnyricinclus sharpii,Poeoptera sharpii,265550
76325,Cinnyricinclus femoralis,Poeoptera femoralis,265560
76349,Buphagus erythrorhynchus,Buphagus erythrorynchus,265800
76359,Neocossyphus fraseri,Stizorhina fraseri,265900
76363,Neocossyphus finschii,Stizorhina finschi,265940
76363,Stizorhina finschii,Stizorhina finschi,265940
76367,Zoothera schistacea,Geokichla schistacea,265960
76368,Zoothera dumasi,Geokichla dumasi,265970
76369,Zoothera joiceyi,Geokichla joiceyi,265980
76370,Zoothera interpres,Geokichla interpres,265990
76371,Zoothera leucolaema,Geokichla leucolaema,266000
76372,Zoothera erythronota,Geokichla erythronota,266010
76375,Zoothera mendeni,Geokichla mendeni,266040
76376,Zoothera dohertyi,Geokichla dohertyi,266050
76377,Zoothera wardii,Geokichla wardii,266060
76378,Zoothera cinerea,Geokichla cinerea,266070
76379,Zoothera peronii,Geokichla peronii,266080
76382,Zoothera citrina,Geokichla citrina,266110
365,Zoothera sibirica,Geokichla sibirica,266220
76396,Zoothera piaggiae,Geokichla piaggiae,266250
76403,Zoothera crossleyi,Geokichla crossleyi,266320
76406,Zoothera gurneyi,Geokichla gurneyi,266350
76412,Zoothera oberlaenderi,Geokichla oberlaenderi,266410
76413,Zoothera camaronensis,Geokichla camaronensis,266420
76417,Zoothera princei,Geokichla princei,266460
76420,Zoothera guttata,Geokichla guttata,266490
76426,Zoothera spiloptera,Geokichla spiloptera,266550
76365,Geomalia heinrichi,Zoothera heinrichi,266570
1063,Zoothera naevia,Ixoreus naevius,266960
76471,Zoothera pinicola,Ridgwayia pinicola,267020
1064,Hylochicla mustelina,Hylocichla mustelina,268450
76619,Psophocichla litsitsirupa,Turdus litsitsirupa,268500
76643,Turdus libonyanus,Turdus libonyana,268730
76902,Nesocichla eremita,Turdus eremita,271490
76915,Alethe diademata,Alethe castanea,271640
77177,Erythropygia coryphaeus,Cercotrichas coryphoeus,271680
77177,Erythropygia coryphoeus,Cercotrichas coryphoeus,271680
77143,Erythropygia leucosticta,Cercotrichas leucosticta,271720
77149,Erythropygia quadrivirgata,Cercotrichas quadrivirgata,271770
77148,Erythropygia barbata,Cercotrichas barbata,271800
344,Erythropygia galactotes,Cercotrichas galactotes,271840
77172,Erythropygia paena,Cercotrichas paena,271900
77155,Erythropygia hartlaubi,Cercotrichas hartlaubi,271940
77156,Erythropygia leucophrys,Cercotrichas leucophrys,271950
77152,Erythropygia signata,Cercotrichas signata,272050
77231,Saxicoloides fulicatus,Copsychus fulicatus,272090
77229,Trichixos pyrropygus,Copsychus pyrropygus,272230
77544,Dioptrornis brunneus,Melaenornis brunneus,272670
77547,Dioptrornis fischeri,Melaenornis fischeri,272700
77552,Dioptrornis chocolatinus,Melaenornis chocolatinus,272750
77566,Bradornis pallidus,Melaenornis pallidus,272870
77580,Bradornis infuscatus,Melaenornis infuscatus,273000
77586,Bradornis microrhynchus,Melaenornis microrhynchus,273060
77592,Bradornis mariquensis,Melaenornis mariquensis,273120
77597,Sigelus silens,Melaenornis silens,273160
1573,Muscicapa latirostris,Muscicapa dauurica,273390
77880,Ficedula monileger,Anthipes monileger,273930
77884,Ficedula solitaris,Anthipes solitaris,273970
77604,Rhinomyias oscillans,Cyornis oscillans,274670
77607,Rhinomyias brunneatus,Cyornis brunneatus,274700
77608,Rhinomyias nicobaricus,Cyornis nicobaricus,274710
77609,Rhinomyias olivaceus,Cyornis olivaceus,274720
77612,Rhinomyias umbratilis,Cyornis umbratilis,274750
77613,Rhinomyias ruficauda,Cyornis ruficauda,274760
77621,Rhinomyias colonus,Cyornis colonus,274840
77603,Rhinomyias additus,Eumyias additus,275290
76919,Alethe poliophrys,Pseudalethe poliophrys,275420
1207,Alethe poliocephala,Pseudalethe poliocephala,275450
76931,Alethe fuelleborni,Pseudalethe fuelleborni,275550
76932,Alethe choloensis,Pseudalethe choloensis,275560
77134,Xenocopsychus ansorgei,Cossypha ansorgei,275810
77129,Cossypha albicapilla,Cossypha albicapillus,276080
77014,Brachypteryx stellata,Heteroxenicus stellatus,276820
77019,Brachypteryx leucophrys,Brachypteryx leucophris,276870
77625,Rhinomyias gularis,Vauriella gularis,277090
77628,Rhinomyias albigularis,Vauriella albigularis,277100
77629,Rhinomyias insignis,Vauriella insignis,277110
77630,Rhinomyias goodfellowi,Vauriella goodfellowi,277120
77062,Luscinia brunnea,Larvivora brunnea,277140
1268,Luscinia cyane,Larvivora cyane,277170
1383,Luscinia sibilans,Larvivora sibilans,277210
77059,Luscinia ruficeps,Larvivora ruficeps,277220
77003,Erithacus komadori,Larvivora komadori,277230
77000,Erithacus akahige,Larvivora akahige,277260
77255,Hodgsonius phaenicuroides,Luscinia phaenicuroides,277420
77255,Hodgsonius phoenicuroides,Luscinia phaenicuroides,277420
77054,Luscinia pectoralis,Calliope pectoralis,277530
348,Luscinia calliope,Calliope calliope,277580
77061,Luscinia pectardens,Calliope pectardens,277620
77060,Luscinia obscura,Calliope obscura,277630
77266,Cinclidium leucurum,Myiomela leucura,277650
77270,Cinclidium diana,Myiomela diana,277690
77273,Myiomela major,Sholicola major,277730
77274,Myiomela albiventris,Sholicola albiventris,277740
77655,Muscicapa ruficauda,Ficedula ruficauda,278310
77240,Phoenicurus caeruleocephala,Phoenicurus coeruleocephala,279240
77250,Phoenicurus erythrogaster,Phoenicurus erythrogastrus,279400
77259,Rhyacornis fuliginosa,Phoenicurus fuliginosus,279440
77262,Rhyacornis bicolor,Phoenicurus bicolor,279470
77264,Chaimarrornis leucocephalus,Phoenicurus leucocephalus,279480
77527,Monticola cinclorhynchus,Monticola cinclorhyncha,279720
77529,Monticola imerinus,Monticola imerina,279740
77373,Oenanthe bifasciata,Campicoloides bifasciatus,280430
77451,Cercomela sinuata,Emarginata sinuata,280450
77455,Cercomela schlegelii,Emarginata schlegelii,280490
77460,Cercomela tractrac,Emarginata tractrac,280540
77467,Cercomela sordida,Pinarochroa sordida,280610
77414,Oenanthe monticola,Myrmecocichla monticola,280870
77488,Pentholaea arnotti,Myrmecocichla arnotti,280920
77491,Pentholaea collaris,Myrmecocichla collaris,280950
77482,Myrmecocichla albifrons,Oenanthe albifrons,281240
77482,Pentholaea albifrons,Oenanthe albifrons,281240
77427,Cercomela melanura,Oenanthe melanura,281320
77435,Cercomela familiaris,Oenanthe familiaris,281390
77443,Cercomela scotocerca,Oenanthe scotocerca,281470
77449,Cercomela dubia,Oenanthe dubia,281530
77434,Cercomela fusca,Oenanthe fusca,281540
77938,Cinclus schulzi,Cinclus schulzii,282170
78151,Anthreptes singalensis,Chalcoparia singalensis,284300
78164,Anthreptes fraseri,Deleornis fraseri,284430
78168,Anthreptes axillaris,Deleornis axillaris,284470
78203,Anthreptes aurantium,Anthreptes aurantius,284800
78204,Nectarinia seimundi,Anthreptes seimundi,284810
78213,Anthreptes collaris,Hedydipna collaris,284900
78223,Anthreptes platurus,Hedydipna platura,285000
78224,Anthreptes metallicus,Hedydipna metallica,285010
78225,Anthreptes pallidigaster,Hedydipna pallidigaster,285020
78234,Nectarinia reichenbachii,Anabathmis reichenbachii,285110
78235,Nectarinia hartlaubii,Anabathmis hartlaubii,285120
78236,Nectarinia newtonii,Anabathmis newtonii,285130
78238,Nectarinia thomensis,Dreptes thomensis,285150
78240,Nectarinia violacea,Anthobaphes violacea,285170
78242,Nectarinia verticalis,Cyanomitra verticalis,285190
78247,Nectarinia bannermani,Cyanomitra bannermani,285240
78248,Nectarinia cyanolaema,Cyanomitra cyanolaema,285250
78252,Nectarinia oritis,Cyanomitra oritis,285290
78256,Nectarinia alinae,Cyanomitra alinae,285330
78262,Nectarinia olivacea,Cyanomitra olivacea,285390
78276,Nectarinia veroxii,Cyanomitra veroxii,285510
78281,Nectarinia adelberti,Chalcomitra adelberti,285560
78284,Nectarinia fuliginosa,Chalcomitra fuliginosa,285590
78287,Nectarinia rubescens,Chalcomitra rubescens,285620
78291,Nectarinia amethystina,Chalcomitra amethystina,285660
78298,Nectarinia senegalensis,Chalcomitra senegalensis,285710
78305,Nectarinia hunteri,Chalcomitra hunteri,285780
78306,Nectarinia balfouri,Chalcomitra balfouri,285790
78308,Nectarinia zeylonica,Leptocoma zeylonica,285810
78311,Nectarinia minima,Leptocoma minima,285840
78323,Leptocoma sericea,Leptocoma aspasia,285960
78323,Nectarinia aspasia,Leptocoma aspasia,285960
78346,Nectarinia calcostetha,Leptocoma calcostetha,286180
78366,Nectarinia reichenowi,Drepanorhynchus reichenowi,286380
78371,Nectarinia chloropygia,Cinnyris chloropygius,286430
78375,Nectarinia minulla,Cinnyris minullus,286470
78378,Nectarinia manoensis,Cinnyris manoensis,286480
78382,Nectarinia chalybea,Cinnyris chalybeus,286520
78385,Nectarinia neergardi,Cinnyris neergaardi,286550
78386,Nectarinia stuhlmanni,Cinnyris stuhlmanni,286560
78391,Nectarinia prigoginei,Cinnyris prigoginei,286640
78392,Nectarinia ludovicensis,Cinnyris ludovicensis,286650
78395,Nectarinia preussi,Cinnyris reichenowi,286660
78401,Nectarinia regia,Cinnyris regius,286710
78405,Nectarinia rockefelleri,Cinnyris rockefelleri,286740
78407,Nectarinia usambarica,Cinnyris usambaricus,286770
78408,Nectarinia fuelleborni,Cinnyris fuelleborni,286780
78411,Nectarinia moreaui,Cinnyris moreaui,286810
78412,Nectarinia loveridgei,Cinnyris loveridgei,286820
78413,Nectarinia pulchella,Cinnyris pulchellus,286830
78416,Nectarinia mariquensis,Cinnyris mariquensis,286860
78424,Nectarinia congensis,Cinnyris congensis,286920
78425,Nectarinia erythrocerca,Cinnyris erythrocercus,286930
78426,Nectarinia nectarinioides,Cinnyris nectarinioides,286940
78434,Nectarinia chalcomelas,Cinnyris chalcomelas,287010
78435,Nectarinia pembae,Cinnyris pembae,287020
78436,Nectarinia bouvieri,Cinnyris bouvieri,287030
78437,Nectarinia osea,Cinnyris osea,287040
78440,Nectarinia habessinica,Cinnyris habessinicus,287070
78446,Nectarinia coccinigaster,Cinnyris coccinigastrus,287130
78447,Nectarinia johannae,Cinnyris johannae,287140
78450,Nectarinia superba,Cinnyris superbus,287170
78455,Nectarinia rufipennis,Cinnyris rufipennis,287220
78456,Nectarinia oustaleti,Cinnyris oustaleti,287230
78459,Nectarinia talatala,Cinnyris talatala,287260
78462,Nectarinia venusta,Cinnyris venustus,287270
78468,Nectarinia fusca,Cinnyris fuscus,287330
78471,Nectarinia ursulae,Cinnyris ursulae,287360
78472,Nectarinia batesi,Cinnyris batesi,287370
78473,Nectarinia cuprea,Cinnyris cupreus,287380
78476,Nectarinia asiatica,Cinnyris asiaticus,287410
78480,Nectarinia jugularis,Cinnyris jugularis,287450
78502,Nectarinia buettikoferi,Cinnyris buettikoferi,287670
78503,Nectarinia solaris,Cinnyris solaris,287680
78513,Nectarinia notata,Cinnyris notatus,287780
78517,Nectarinia dussumieri,Cinnyris dussumieri,287820
78518,Nectarinia humbloti,Cinnyris humbloti,287830
78521,Nectarinia comorensis,Cinnyris comorensis,287860
78522,Nectarinia coquerellii,Cinnyris coquerellii,287870
78523,Nectarinia lotenia,Cinnyris lotenius,287880
78748,Petronia brachydactyla,Carpospiza brachydactyla,289930
78758,Petronia superciliaris,Gymnoris superciliaris,290040
78763,Petronia dentata,Gymnoris dentata,290090
78764,Petronia pyrgita,Gymnoris pyrgita,290100
78767,Petronia xanthocollis,Gymnoris xanthocollis,290130
78783,Montifringilla taczanowskii,Onychostruthus taczanowskii,290300
78785,Montifringilla davidiana,Pyrgilauda davidiana,290320
78788,Montifringilla ruficollis,Pyrgilauda ruficollis,290350
78791,Montifringilla blanfordi,Pyrgilauda blanfordi,290380
78795,Montifringilla theresae,Pyrgilauda theresae,290420
78661,Histurgops ruficaudus,Histurgops ruficauda,290630
78951,Pachyphantes superciliosus,Ploceus superciliosus,292070
79072,Euplectes macrourus,Euplectes macroura,293220
79079,Euplectes psammocromius,Euplectes psammacromius,293290
79101,Nigrita fusconota,Nigrita fusconotus,293510
79110,Nigrita canicapilla,Nigrita canicapillus,293610
79237,Estrilda quartinia,Coccopygia quartinia,294850
79263,Estrilda Troglodytes,Estrilda troglodytes,295100
79326,Ortygospiza locustella,Paludipasser locustella,295680
79368,Taeniopygia bichenovi,Taeniopygia bichenovii,296080
79410,Lemuresthes nana,Lepidopygia nana,296500
79410,Lonchura nana,Lepidopygia nana,296500
79412,Lonchura cantans,Euodice cantans,296520
79415,Lonchura malabarica,Euodice malabarica,296550
79417,Lonchura griseicapilla,Odontospiza caniceps,296570
79516,Padda fuscata,Lonchura fuscata,297530
1579,Padda oryzivora,Lonchura oryzivora,297540
79638,Motacilla madaraspatensis,Motacilla maderaspatensis,298960
79644,Macronyx fuellebornii,Macronyx fuelleborni,299030
326,Anthus novaeseelandiae,Anthus richardi,299200
79755,Anthus berthelotti,Anthus berthelotii,300280
79804,Amaurocichla bocagei,Amaurocichla bocagii,300780
486,Coccothraustes vespertinus,Hesperiphona vespertina,301130
79843,Coccothraustes abeillei,Hesperiphona abeillei,301170
79900,Rhodopechys sanguinea,Rhodopechys sanguineus,301750
79907,Eremopsaltria mongolicus,Bucanetes mongolicus,301830
79909,Carpodacus rubescens,Agraphospiza rubescens,301850
79915,Carpodacus nipalensis,Procarduelis nipalensis,301910
482,Carpodacus erytrinus,Carpodacus erythrinus,302230
482,Erythrina erythrina,Carpodacus erythrinus,302230
79956,Haematospiza sipahi,Carpodacus sipahi,302290
79957,Chaunoproctus ferreorostris,Carpodacus ferreorostris,302300
79931,Leucosticte sillemi,Carpodacus sillemi,302620
1360,Uragus sibiricus,Carpodacus sibiricus,302630
80010,Pinicola subhimachala,Carpodacus subhimachalus,302860
80036,Vestiaria coccinea,Drepanis coccinea,303120
80048,Hemignathus sagittirostris,Viridonia sagittirostris,303230
80050,Hemignathus obscurus,Akialoa obscura,303250
80051,Hemignathus ellisianus,Akialoa ellisiana,303260
80060,Hemignathus munroi,Hemignathus wilsoni,303330
80064,Hemignathus parvus,Magumma parva,303370
80066,Manucerthia mana,Loxops mana,303390
80066,Oreomystis mana,Loxops mana,303390
80074,Hemignathus virens,Chlorodrepanis virens,303450
80077,Hemignathus flavus,Chlorodrepanis flava,303480
80078,Hemignathus kauaiensis,Chlorodrepanis stejnegeri,303490
80080,Carpodacus purpureus,Haemorhous purpureus,303510
80083,Carpodacus cassinii,Haemorhous cassinii,303540
1585,Carpodacus mexicanus,Haemorhous mexicanus,303550
470,Carduelis chloris,Chloris chloris,303680
80107,Carduelis sinica,Chloris sinica,303790
80113,Carduelis spinoides,Chloris spinoides,303850
80116,Carduelis monguilloti,Chloris monguilloti,303880
80117,Carduelis ambigua,Chloris ambigua,303890
1574,Rhodopechys obsoletus,Rhodospiza obsoleta,303930
80132,Serinus rufobrunneus,Crithagra rufobrunnea,304050
80136,Neospiza concolor,Crithagra concolor,304090
80137,Serinus citrinelloides,Crithagra citrinelloides,304100
1330,Serinus frontalis,Crithagra frontalis,304130
80140,Serinus hypostictus,Crithagra hyposticta,304140
80143,Serinus capistratus,Crithagra capistrata,304170
80146,Serinus koliensis,Crithagra koliensis,304200
80147,Serinus scotops,Crithagra scotops,304210
80151,Serinus leucopygius,Crithagra leucopygia,304250
80155,Serinus atrogularis,Crithagra atrogularis,304290
80162,Serinus xanthopygius,Crithagra xanthopygia,304360
80163,Serinus reichenowi,Crithagra reichenowi,304370
80164,Serinus rothschildi,Crithagra rothschildi,304380
80165,Serinus flavigula,Crithagra flavigula,304390
80166,Serinus xantholaemus,Crithagra xantholaema,304400
80167,Serinus citrinipectus,Crithagra citrinipectus,304410
80168,Serinus mozambicus,Crithagra mozambica,304420
80179,Serinus dorsostriatus,Crithagra dorsostriata,304530
80182,Serinus ankoberensis,Crithagra ankoberensis,304570
80183,Serinus menachensis,Crithagra menachensis,304580
80184,Serinus totta,Crithagra totta,304590
80185,Serinus symonsi,Crithagra symonsi,304600
80186,Serinus donaldsoni,Crithagra donaldsoni,304610
80187,Serinus buchanani,Crithagra buchanani,304620
80188,Serinus flaviventris,Crithagra flaviventris,304630
80193,Serinus sulphuratus,Crithagra sulphurata,304680
80197,Serinus reichardi,Crithagra reichardi,304720
80200,Serinus gularis,Crithagra gularis,304750
80208,Serinus canicapillus,Crithagra canicapilla,304810
80209,Serinus mennelli,Crithagra mennelli,304850
80210,Serinus tristriatus,Crithagra tristriata,304860
80211,Serinus albogularis,Crithagra albogularis,304870
80217,Serinus burtoni,Crithagra burtoni,304920
80225,Serinus whytii,Crithagra whytii,305000
80226,Serinus melanochrous,Crithagra melanochroa,305010
80227,Serinus leucopterus,Crithagra leucoptera,305020
474,Carduelis flavirostris,Linaria flavirostris,305040
473,Carduelis cannabina,Linaria cannabina,305140
80248,Carduelis yemenensis,Linaria yemenensis,305220
80249,Carduelis johannis,Linaria johannis,305230
1078,Carduelis flammea,Acanthis flammea,305250
1079,Carduelis cabaret,Acanthis cabaret,305290
476,Carduelis hornemanni,Acanthis hornemanni,305300
477,Loxia bifasciata,Loxia leucoptera,305570
80276,Serinus estherae,Chrysocorythus estherae,305630
80313,Serinus thibetanus,Spinus thibetanus,306050
80313,Spinus thibetana,Spinus thibetanus,306050
80314,Carduelis lawrencei,Spinus lawrencei,306060
80315,Carduelis tristis,Spinus tristis,306070
80320,Carduelis psaltria,Spinus psaltria,306120
472,Carduelis spinus,Spinus spinus,306180
80326,Carduelis dominicensis,Spinus dominicensis,306190
80327,Carduelis pinus,Spinus pinus,306200
80331,Carduelis atriceps,Spinus atriceps,306240
80332,Carduelis notata,Spinus notatus,306250
80332,Spinus notata,Spinus notatus,306250
80336,Carduelis barbata,Spinus barbatus,306290
80336,Spinus barbata,Spinus barbatus,306290
80337,Carduelis xanthogastra,Spinus xanthogastrus,306300
80337,Spinus xanthogastra,Spinus xanthogastrus,306300
80340,Carduelis olivacea,Spinus olivaceus,306330
80340,Spinus olivacea,Spinus olivaceus,306330
80341,Carduelis magellanica,Spinus magellanicus,306340
80341,Spinus magellanica,Spinus magellanicus,306340
80354,Carduelis siemiradzkii,Spinus siemiradzkii,306470
80355,Carduelis yarrellii,Spinus yarrellii,306480
80356,Carduelis cucullata,Spinus cucullatus,306490
80356,Spinus cucullata,Spinus cucullatus,306490
80357,Carduelis atrata,Spinus atratus,306500
80357,Spinus atrata,Spinus atratus,306500
80358,Carduelis uropygialis,Spinus uropygialis,306510
80359,Carduelis crassirostris,Spinus crassirostris,306520
80362,Carduelis spinescens,Spinus spinescens,306550
80470,Seiurus motacilla,Parkesia motacilla,307650
1422,Vermivora pinus,Vermivora cyanoptera,307700
80480,Parula superciliosa,Oreothlypis superciliosa,307780
80486,Parula gutturalis,Oreothlypis gutturalis,307840
488,Oreothlypis peregrina,Leiothlypis peregrina,307860
488,Vermivora peregrina,Leiothlypis peregrina,307860
80488,Vermivora celata,Leiothlypis celata,307870
80493,Vermivora crissalis,Leiothlypis crissalis,307920
80494,Vermivora luciae,Leiothlypis luciae,307930
80495,Vermivora ruficapilla,Leiothlypis ruficapilla,307940
80498,Vermivora virginiae,Leiothlypis virginiae,307970
80518,Oporornis tolmiei,Geothlypis tolmiei,308160
80521,Oporornis philadelphia,Geothlypis philadelphia,308190
80522,Oporornis formosus,Geothlypis formosa,308200
80558,Dendroica plumbea,Setophaga plumbea,308560
80559,Dendroica angelae,Setophaga angelae,308570
80560,Dendroica pharetra,Setophaga pharetra,308580
500,Wilsonia citrina,Setophaga citrina,308590
80561,Dendroica kirtlandii,Setophaga kirtlandii,308610
491,Dendroica tigrina,Setophaga tigrina,308620
80562,Dendroica cerulea,Setophaga cerulea,308630
489,Parula americana,Setophaga americana,308640
80563,Parula pitiayumi,Setophaga pitiayumi,308650
492,Dendroica magnolia,Setophaga magnolia,308750
1275,Dendroica castanea,Setophaga castanea,308760
1082,Dendroica fusca,Setophaga fusca,308770
1081,Dendroica pensylvanica,Setophaga pensylvanica,309230
495,Dendroica striata,Setophaga striata,309240
80623,Dendroica caerulescens,Setophaga caerulescens,309250
494,Dendroica palmarum,Setophaga palmarum,309280
80628,Dendroica pityophila,Setophaga pityophila,309310
80629,Dendroica pinus,Setophaga pinus,309320
80638,Dendroica dominica,Setophaga dominica,309450
80642,Dendroica flavescens,Setophaga flavescens,309490
80643,Dendroica vitellina,Setophaga vitellina,309500
80647,Dendroica discolor,Setophaga discolor,309540
80650,Dendroica adelaidae,Setophaga adelaidae,309570
80651,Dendroica subita,Setophaga subita,309580
80652,Dendroica delicata,Setophaga delicata,309590
80653,Dendroica graciae,Setophaga graciae,309600
80658,Dendroica nigrescens,Setophaga nigrescens,309650
80661,Dendroica townsendi,Setophaga townsendi,309680
80662,Dendroica occidentalis,Setophaga occidentalis,309690
80663,Dendroica chrysoparia,Setophaga chrysoparia,309700
80664,Dendroica virens,Setophaga virens,309710
80666,Basileuterus luteoviridis,Myiothlypis luteoviridis,309730
80774,Basileuterus basilicus,Myiothlypis basilica,309790
80672,Basileuterus leucophrys,Myiothlypis leucophrys,309800
80673,Basileuterus flaveolus,Myiothlypis flaveola,309810
80676,Basileuterus leucoblepharus,Myiothlypis leucoblephara,309840
80679,Basileuterus signatus,Myiothlypis signata,309870
80682,Basileuterus nigrocristatus,Myiothlypis nigrocristata,309900
80683,Phaeothlypis fulvicauda,Myiothlypis fulvicauda,309910
80690,Phaeothlypis rivularis,Myiothlypis rivularis,309980
80694,Basileuterus bivittatus,Myiothlypis bivittata,310020
80700,Basileuterus conspicillatus,Myiothlypis conspicillata,310080
80701,Basileuterus cinereicollis,Myiothlypis cinereicollis,310090
80705,Basileuterus fraseri,Myiothlypis fraseri,310130
80708,Basileuterus coronatus,Myiothlypis coronata,310160
80717,Basileuterus griseiceps,Myiothlypis griseiceps,310250
80719,Euthlypis lachrymosa,Basileuterus lachrymosus,310270
80776,Wilsonia canadensis,Cardellina canadensis,310850
1083,Wilsonia pusilla,Cardellina pusilla,310860
80781,Ergaticus ruber,Cardellina rubra,310910
80785,Ergaticus versicolor,Cardellina versicolor,310950
80894,Cacicus melanicterus,Cassiculus melanicterus,311940
80872,Ocyalus latirostris,Cacicus latirostris,312380
80844,Clypicterus oseryi,Cacicus oseryi,312390
81074,Dives warszewiczi,Dives warczewiczi,313890
81072,Dives atroviolaceus,Ptiloxena atroviolacea,313940
81018,Curaeus forbesi,Anumara forbesi,314600
81045,Agelaioides oreopsar,Oreopsar bolivianus,314670
81234,Melophus lathami,Emberiza lathami,315420
81235,Latoucheornis siemsseni,Emberiza siemsseni,315430
528,Miliaria calandra,Emberiza calandra,315440
513,Emberiza leucocephalus,Emberiza leucocephalos,315510
81538,Spizella arborea,Spizelloides arborea,318690
83984,Amphispiza belli,Artemisiospiza belli,319170
81702,Melozone fuscus,Melozone fusca,320320
81907,Chlorospingus ophthalmicus,Chlorospingus flavopectus,322270
82155,Ramphocelus bresilius,Ramphocelus bresilia,324710
83342,Saltator rufiventris,Pseudosaltator rufiventris,325870
82766,Piezorhina cinerea,Piezorina cinerea,330790
82779,Poospiza hypochondria,Poospiza hypocondria,330920
82809,Sicalis uropygialis,Sicalis uropigyalis,331220
512,Calcarius nivalis,Plectrophenax nivalis,335020
1117,Arvicola terrestris,Arvicola amphibius,337530
1123,Mus musculus,Mus domesticus,337600
1309,Ornicus orca,Orcinus orca,337770
1314,Lagenorhynchus actus,Lagenorhynchus acutus,337820
1136,Capra aegagrus,Capra hircus,338000
5633,Equus caballus,Equus ferus,338230
1127,Neovison vison,Mustela vison,338440
1647,Lestes viridis,Chalcolestes viridis,338630
1624,Aeshna isosceles,Anaciaeshna isoceles,338750
